row no.,tree no.,X,Y
1,1.00,725472.25,4162747.75
1,2.00,725464.75,4162743.25
1,3.00,725463.18,4162743.20
1,4.00,725461.25,4162740.75
1,5.00,725459.25,4162739.25
1,6.00,725455.75,4162737.25
1,7.00,725453.24,4162736.07
1,8.00,725447.75,4162731.75
1,9.00,725441.25,4162727.25
1,10.00,725440.25,4162725.75
1,11.00,725434.75,4162722.75
1,12.00,725432.75,4162722.25
1,13.00,725431.25,4162720.25
1,14.00,725427.75,4162717.75
1,15.00,725424.75,4162715.75
1,16.00,725421.25,4162713.25
1,17.00,725419.25,4162712.25
1,18.00,725414.25,4162709.25
1,19.00,725410.75,4162707.25
1,20.00,725408.25,4162705.75
1,21.00,725405.75,4162703.25
1,22.00,725403.25,4162702.75
1,23.00,725400.25,4162700.25
1,24.00,725398.25,4162699.75
1,25.00,725396.25,4162698.25
1,26.00,725393.25,4162696.25
1,27.00,725390.25,4162693.75
1,28.00,725385.25,4162690.25
1,29.00,725382.25,4162688.25
1,30.00,725380.75,4162689.25
1,31.00,725380.25,4162686.25
1,32.00,725378.25,4162686.25
1,33.00,725374.75,4162683.25
1,34.00,725373.25,4162682.25
1,35.00,725369.25,4162679.75
1,36.00,725366.25,4162677.75
1,37.00,725364.75,4162676.25
2,1.00,725477.25,4162747.25
2,2.00,725475.75,4162747.75
2,3.00,725474.26,4162747.00
2,4.00,725473.25,4162745.25
2,5.00,725469.25,4162741.75
2,6.00,725467.25,4162740.75
2,7.00,725465.75,4162739.25
2,8.00,725464.25,4162738.75
2,9.00,725461.25,4162736.25
2,10.00,725459.61,4162735.46
2,11.00,725457.81,4162734.52
2,12.00,725456.75,4162733.75
2,13.00,725455.44,4162732.38
2,14.00,725453.75,4162731.75
2,15.00,725450.75,4162729.75
2,16.00,725448.75,4162728.75
2,17.00,725446.75,4162726.75
2,18.00,725444.75,4162725.75
2,19.00,725441.32,4162723.68
2,20.00,725439.25,4162723.25
2,21.00,725438.75,4162721.25
2,22.00,725436.25,4162720.25
2,23.00,725433.25,4162718.25
2,24.00,725430.00,4162716.22
2,25.00,725429.36,4162715.10
2,26.00,725426.75,4162714.25
2,27.00,725424.25,4162712.25
2,28.00,725417.75,4162708.25
2,29.00,725408.75,4162702.25
2,30.00,725402.75,4162698.25
2,31.00,725397.25,4162694.75
2,32.00,725394.25,4162692.75
2,33.00,725392.75,4162691.25
2,34.00,725391.25,4162690.25
2,35.00,725389.25,4162689.75
2,36.00,725387.75,4162688.75
2,37.00,725386.25,4162687.75
2,38.00,725383.25,4162685.75
2,39.00,725378.75,4162682.75
2,40.00,725377.25,4162681.75
2,41.00,725372.75,4162678.25
2,42.00,725369.75,4162676.25
2,43.00,725367.78,4162675.61
2,44.00,725366.75,4162674.75
2,45.00,725364.25,4162674.25
3,1.00,725479.25,4162743.75
3,2.00,725475.75,4162742.75
3,3.00,725473.75,4162741.25
3,4.00,725470.75,4162739.25
3,5.00,725468.75,4162738.25
3,6.00,725467.75,4162736.75
3,7.00,725466.25,4162736.25
3,8.00,725461.75,4162733.25
3,9.00,725458.75,4162731.25
3,10.00,725456.75,4162730.25
3,11.00,725453.75,4162727.75
3,12.00,725452.88,4162726.76
3,13.00,725451.25,4162725.75
3,14.00,725449.25,4162725.25
3,15.00,725447.75,4162723.75
3,16.00,725445.25,4162722.25
3,17.00,725443.25,4162721.25
3,18.00,725441.25,4162720.25
3,19.00,725437.75,4162717.75
3,20.00,725434.75,4162715.25
3,21.00,725431.75,4162713.25
3,22.00,725428.75,4162711.75
3,23.00,725426.25,4162709.25
3,24.00,725422.75,4162707.25
3,25.00,725419.25,4162705.75
3,26.00,725413.25,4162701.75
3,27.00,725410.60,4162698.37
3,28.00,725407.25,4162697.75
3,29.00,725404.25,4162695.75
3,30.00,725400.75,4162693.25
3,31.00,725398.75,4162692.25
3,32.00,725395.75,4162690.25
3,33.00,725393.25,4162688.25
3,34.00,725390.25,4162685.75
3,35.00,725388.25,4162685.25
3,36.00,725386.75,4162683.75
3,37.00,725384.25,4162681.75
3,38.00,725382.53,4162680.96
3,39.00,725380.25,4162680.25
3,40.00,725379.25,4162678.75
3,41.00,725376.25,4162676.75
3,42.00,725374.28,4162676.21
3,43.00,725371.25,4162674.25
3,44.00,725370.25,4162673.25
3,45.00,725365.88,4162672.52
3,46.00,725366.75,4162670.75
3,47.00,725363.75,4162670.75
4,1.00,725476.75,4162739.75
4,2.00,725475.70,4162738.77
4,3.00,725474.25,4162737.25
4,4.00,725470.75,4162735.75
4,5.00,725469.75,4162734.75
4,6.00,725466.25,4162732.75
4,7.00,725463.25,4162730.75
4,8.00,725461.75,4162729.75
4,9.00,725459.90,4162728.86
4,10.00,725457.25,4162726.75
4,11.00,725455.75,4162725.75
4,12.00,725452.75,4162723.25
4,13.00,725449.25,4162721.75
4,14.00,725448.25,4162720.25
4,15.00,725446.67,4162719.50
4,16.00,725445.25,4162718.75
4,17.00,725441.75,4162716.75
4,18.00,725439.75,4162715.25
4,19.00,725436.75,4162712.75
4,20.00,725430.75,4162709.25
4,21.00,725427.25,4162707.25
4,22.00,725424.41,4162706.97
4,23.00,725421.25,4162702.75
4,24.00,725418.25,4162700.75
4,25.00,725415.25,4162699.25
4,26.00,725411.75,4162697.25
4,27.00,725408.75,4162695.25
4,28.00,725406.25,4162692.75
4,29.00,725402.75,4162690.25
4,30.00,725399.75,4162688.25
4,31.00,725397.25,4162688.25
4,32.00,725396.75,4162685.75
4,33.00,725394.75,4162685.75
4,34.00,725391.75,4162683.25
4,35.00,725390.25,4162682.25
4,36.00,725388.77,4162681.42
4,37.00,725386.75,4162680.75
4,38.00,725384.27,4162678.40
4,39.00,725382.25,4162677.25
4,40.00,725379.75,4162675.25
4,41.00,725378.25,4162674.75
4,42.00,725376.25,4162673.25
4,43.00,725374.75,4162672.25
4,44.00,725372.25,4162670.75
4,45.00,725370.00,4162669.43
4,46.00,725365.25,4162667.75
5,1.00,725483.75,4162741.25
5,2.00,725481.75,4162739.25
5,3.00,725478.75,4162737.75
5,4.00,725477.25,4162736.25
5,5.00,725476.32,4162735.28
5,6.00,725473.75,4162734.75
5,7.00,725471.25,4162732.25
5,8.00,725467.75,4162730.25
5,9.00,725466.75,4162729.25
5,10.00,725464.75,4162727.75
5,11.00,725462.25,4162725.75
5,12.00,725459.25,4162724.25
5,13.00,725457.75,4162723.25
5,14.00,725455.75,4162721.75
5,15.00,725454.25,4162720.75
5,16.00,725451.25,4162718.75
5,17.00,725449.75,4162717.75
5,18.00,725448.25,4162716.75
5,19.00,725446.25,4162715.75
5,20.00,725443.75,4162713.75
5,21.00,725441.25,4162712.75
5,22.00,725438.75,4162710.75
5,23.00,725432.25,4162706.75
5,24.00,725429.25,4162704.75
5,25.00,725423.25,4162701.25
5,26.00,725419.75,4162698.75
5,27.00,725416.75,4162696.75
5,28.00,725413.75,4162694.75
5,29.00,725410.25,4162692.75
5,30.00,725408.25,4162690.75
5,31.00,725405.75,4162688.75
5,32.00,725402.25,4162686.75
5,33.00,725400.75,4162685.75
5,34.00,725399.25,4162684.25
5,35.00,725397.96,4162683.80
5,36.00,725395.75,4162683.25
5,37.00,725393.75,4162680.75
5,38.00,725391.75,4162679.75
5,39.00,725389.96,4162679.06
5,40.00,725388.68,4162678.00
5,41.00,725387.53,4162676.92
5,42.00,725386.25,4162675.75
5,43.00,725384.25,4162674.75
5,44.00,725382.75,4162673.75
5,45.00,725379.75,4162671.75
5,46.00,725376.75,4162669.75
5,47.00,725374.75,4162669.25
5,48.00,725373.25,4162667.75
5,49.00,725370.25,4162666.25
5,50.00,725366.32,4162664.19
5,51.00,725367.25,4162662.25
6,1.00,725480.75,4162735.25
6,2.00,725478.75,4162733.75
6,3.00,725475.75,4162731.75
6,4.00,725473.34,4162731.29
6,5.00,725472.75,4162730.25
6,6.00,725471.25,4162728.75
6,7.00,725470.25,4162727.75
6,8.00,725468.25,4162726.75
6,9.00,725465.25,4162724.75
6,10.00,725459.25,4162720.75
6,11.00,725457.75,4162719.75
6,12.00,725454.25,4162717.75
6,13.00,725451.25,4162715.75
6,14.00,725449.75,4162715.25
6,15.00,725447.03,4162712.84
6,16.00,725445.25,4162711.75
6,17.00,725443.25,4162710.25
6,18.00,725437.25,4162706.25
6,19.00,725434.25,4162704.25
6,20.00,725430.75,4162702.25
6,21.00,725427.75,4162700.25
6,22.00,725424.25,4162698.25
6,23.00,725421.75,4162696.25
6,24.00,725418.75,4162694.75
6,25.00,725415.25,4162692.25
6,26.00,725412.75,4162690.75
6,27.00,725409.75,4162687.75
6,28.00,725407.85,4162686.75
6,29.00,725405.25,4162685.75
6,30.00,725404.25,4162684.75
6,31.00,725401.25,4162682.25
6,32.00,725398.38,4162680.76
6,33.00,725396.75,4162679.25
6,34.00,725395.25,4162678.75
6,35.00,725393.62,4162677.75
6,36.00,725391.75,4162676.25
6,37.00,725390.75,4162675.25
6,38.00,725388.83,4162674.76
6,39.00,725387.89,4162673.57
6,40.00,725385.75,4162672.75
6,41.00,725384.25,4162671.75
6,42.00,725382.75,4162670.75
6,43.00,725381.25,4162669.75
6,44.00,725379.25,4162668.75
6,45.00,725378.25,4162667.25
6,46.00,725376.85,4162666.10
6,47.00,725375.25,4162665.75
6,48.00,725373.75,4162664.75
6,49.00,725371.75,4162663.75
6,50.00,725369.25,4162663.25
6,51.00,725368.25,4162659.75
6,52.00,725364.75,4162659.75
7,1.00,725484.75,4162734.25
7,2.00,725481.25,4162731.25
7,3.00,725478.75,4162730.25
7,4.00,725476.25,4162728.25
7,5.00,725474.75,4162726.75
7,6.00,725472.75,4162726.25
7,7.00,725469.75,4162724.25
7,8.00,725467.07,4162722.50
7,9.00,725465.25,4162720.75
7,10.00,725462.25,4162719.25
7,11.00,725460.75,4162718.25
7,12.00,725455.71,4162716.88
7,13.00,725456.25,4162714.75
7,14.00,725453.25,4162713.25
7,15.00,725451.44,4162712.17
7,16.00,725449.75,4162711.25
7,17.00,725447.25,4162708.75
7,18.00,725442.25,4162705.75
7,19.00,725439.25,4162703.25
7,20.00,725435.75,4162701.75
7,21.00,725432.75,4162699.25
7,22.00,725429.75,4162697.25
7,23.00,725423.25,4162693.75
7,24.00,725420.25,4162691.75
7,25.00,725414.25,4162687.25
7,26.00,725411.25,4162685.75
7,27.00,725407.25,4162683.25
7,28.00,725404.25,4162681.25
7,29.00,725402.75,4162679.75
7,30.00,725401.25,4162679.25
7,31.00,725400.25,4162678.75
7,32.00,725398.75,4162677.25
7,33.00,725397.33,4162676.11
7,34.00,725394.75,4162675.25
7,35.00,725393.75,4162674.25
7,36.00,725391.75,4162672.75
7,37.00,725388.75,4162671.25
7,38.00,725387.22,4162670.28
7,39.00,725384.75,4162668.25
7,40.00,725382.75,4162667.25
7,41.00,725379.25,4162665.75
7,42.00,725378.25,4162664.25
7,43.00,725376.60,4162663.27
7,44.00,725373.25,4162661.75
7,45.00,725369.75,4162657.75
7,46.00,725365.75,4162655.75
8,1.00,725490.25,4162731.75
8,2.00,725486.75,4162730.25
8,3.00,725484.25,4162729.75
8,4.00,725482.75,4162728.75
8,5.00,725479.75,4162726.25
8,6.00,725477.75,4162725.25
8,7.00,725473.75,4162722.75
8,8.00,725470.25,4162720.75
8,9.00,725467.75,4162718.75
8,10.00,725465.75,4162717.75
8,11.00,725461.25,4162714.75
8,12.00,725459.75,4162713.75
8,13.00,725458.25,4162712.75
8,14.00,725456.75,4162711.63
8,15.00,725454.75,4162710.75
8,16.00,725453.75,4162709.75
8,17.00,725451.75,4162708.25
8,18.00,725448.75,4162706.75
8,19.00,725446.75,4162705.25
8,20.00,725443.75,4162703.25
8,21.00,725442.40,4162703.23
8,22.00,725440.25,4162701.25
8,23.00,725437.25,4162699.25
8,24.00,725434.75,4162697.25
8,25.00,725428.25,4162693.25
8,26.00,725425.25,4162691.25
8,27.00,725421.75,4162689.25
8,28.00,725418.75,4162687.25
8,29.00,725416.25,4162684.75
8,30.00,725413.25,4162682.75
8,31.00,725412.16,4162682.99
8,32.00,725410.25,4162681.75
8,33.00,725408.25,4162680.75
8,34.00,725404.25,4162677.75
8,35.00,725401.75,4162675.25
8,36.00,725399.75,4162674.25
8,37.00,725397.25,4162672.75
8,38.00,725395.25,4162671.25
8,39.00,725392.25,4162669.25
8,40.00,725387.75,4162666.25
8,41.00,725385.75,4162665.25
8,42.00,725382.25,4162661.75
8,43.00,725376.75,4162659.75
8,44.00,725375.75,4162658.25
8,45.00,725372.75,4162656.75
8,46.00,725366.08,4162654.23
8,47.00,725366.98,4162652.38
9,1.00,725484.25,4162726.25
9,2.00,725482.25,4162725.25
9,3.00,725480.98,4162724.36
9,4.00,725478.75,4162721.75
9,5.00,725476.75,4162721.25
9,6.00,725475.32,4162720.51
9,7.00,725473.75,4162719.25
9,8.00,725472.25,4162718.25
9,9.00,725468.75,4162716.25
9,10.00,725467.75,4162715.25
9,11.00,725464.19,4162713.03
9,12.00,725462.75,4162712.25
9,13.00,725461.75,4162711.25
9,14.00,725459.14,4162708.96
9,15.00,725456.75,4162708.25
9,16.00,725452.25,4162705.25
9,17.00,725450.25,4162704.25
9,18.00,725448.30,4162702.87
9,19.00,725445.25,4162700.25
9,20.00,725442.25,4162698.75
9,21.00,725439.25,4162696.75
9,22.00,725436.25,4162694.25
9,23.00,725433.75,4162692.75
9,24.00,725429.75,4162690.75
9,25.00,725423.75,4162686.75
9,26.00,725420.75,4162684.75
9,27.00,725421.10,4162683.19
9,28.00,725415.25,4162680.25
9,29.00,725412.25,4162679.25
9,30.00,725410.25,4162678.25
9,31.00,725408.75,4162677.25
9,32.00,725406.25,4162675.25
9,33.00,725404.75,4162674.25
9,34.00,725401.75,4162671.75
9,35.00,725398.75,4162670.25
9,36.00,725395.25,4162668.25
9,37.00,725392.75,4162665.75
9,38.00,725389.75,4162663.75
9,39.00,725387.75,4162662.68
9,40.00,725386.25,4162661.75
9,41.00,725384.84,4162660.77
9,42.00,725383.25,4162660.25
9,43.00,725382.25,4162658.25
9,44.00,725380.25,4162658.25
9,45.00,725378.75,4162656.25
9,46.00,725373.46,4162654.80
9,47.00,725374.25,4162653.25
9,48.00,725371.25,4162651.75
9,49.00,725368.25,4162649.75
10,1.00,725489.25,4162727.25
10,2.00,725487.75,4162724.75
10,3.00,725484.75,4162722.75
10,4.00,725481.25,4162720.75
10,5.00,725478.75,4162718.75
10,6.00,725476.75,4162717.25
10,7.00,725475.25,4162716.75
10,8.00,725473.75,4162715.25
10,9.00,725470.55,4162714.69
10,10.00,725469.25,4162712.25
10,11.00,725467.25,4162711.75
10,12.00,725465.50,4162710.53
10,13.00,725463.25,4162708.75
10,14.00,725461.25,4162707.75
10,15.00,725459.75,4162706.75
10,16.00,725456.75,4162704.75
10,17.00,725454.75,4162703.25
10,18.00,725450.25,4162699.75
10,19.00,725446.30,4162699.48
10,20.00,725443.75,4162696.25
10,21.00,725440.25,4162694.25
10,22.00,725438.25,4162691.75
10,23.00,725434.75,4162689.75
10,24.00,725431.25,4162688.25
10,25.00,725428.75,4162686.25
10,26.00,725425.25,4162684.25
10,27.00,725422.25,4162681.75
10,28.00,725419.25,4162680.75
10,29.00,725416.75,4162678.25
10,30.00,725414.25,4162676.75
10,31.00,725412.37,4162675.67
10,32.00,725410.75,4162674.25
10,33.00,725408.47,4162673.91
10,34.00,725405.25,4162670.75
10,35.00,725403.25,4162669.25
10,36.00,725401.25,4162668.25
10,37.00,725399.75,4162667.25
10,38.00,725394.25,4162663.75
10,39.00,725392.75,4162662.25
10,40.00,725391.25,4162661.35
10,41.00,725389.48,4162660.61
10,42.00,725388.25,4162659.25
10,43.00,725386.25,4162658.25
10,44.00,725383.62,4162656.50
10,45.00,725382.25,4162655.25
10,46.00,725380.25,4162654.75
10,47.00,725378.75,4162653.25
10,48.00,725369.66,4162648.61
10,49.00,725370.25,4162647.25
11,1.00,725491.25,4162723.75
11,2.00,725489.46,4162722.35
11,3.00,725487.75,4162721.25
11,4.00,725486.38,4162720.15
11,5.00,725484.75,4162719.25
11,6.00,725483.25,4162717.75
11,7.00,725480.25,4162716.25
11,8.00,725477.25,4162714.25
11,9.00,725475.25,4162712.75
11,10.00,725473.95,4162711.70
11,11.00,725472.75,4162710.75
11,12.00,725470.75,4162709.75
11,13.00,725469.25,4162709.25
11,14.00,725466.25,4162707.25
11,15.00,725464.75,4162706.25
11,16.00,725462.75,4162704.75
11,17.00,725459.75,4162703.25
11,18.00,725458.75,4162702.25
11,19.00,725455.75,4162700.25
11,20.00,725453.25,4162699.25
11,21.00,725451.75,4162697.75
11,22.00,725448.25,4162695.75
11,23.00,725445.75,4162693.75
11,24.00,725442.25,4162691.75
11,25.00,725436.25,4162687.25
11,26.00,725424.25,4162679.75
11,27.00,725421.75,4162677.75
11,28.00,725418.25,4162675.25
11,29.00,725415.75,4162674.25
11,30.00,725411.25,4162671.25
11,31.00,725409.25,4162670.25
11,32.00,725408.25,4162669.25
11,33.00,725406.24,4162668.04
11,34.00,725402.25,4162665.25
11,35.00,725400.25,4162663.75
11,36.00,725398.25,4162662.75
11,37.00,725397.25,4162662.25
11,38.00,725396.07,4162660.92
11,39.00,725394.46,4162660.28
11,40.00,725393.25,4162658.75
11,41.00,725391.25,4162657.75
11,42.00,725387.86,4162656.31
11,43.00,725386.75,4162654.75
11,44.00,725382.25,4162652.25
11,45.00,725380.75,4162651.25
11,46.00,725373.25,4162648.25
11,47.00,725374.20,4162646.77
11,48.00,725371.25,4162645.25
12,1.00,725495.75,4162723.75
12,2.00,725491.25,4162719.75
12,3.00,725489.75,4162718.25
12,4.00,725487.75,4162717.25
12,5.00,725485.25,4162715.25
12,6.00,725483.75,4162714.25
12,7.00,725481.75,4162713.25
12,8.00,725480.25,4162712.25
12,9.00,725478.75,4162711.25
12,10.00,725477.75,4162710.25
12,11.00,725475.59,4162709.33
12,12.00,725468.25,4162704.75
12,13.00,725463.25,4162701.75
12,14.00,725461.75,4162700.75
12,15.00,725460.25,4162699.75
12,16.00,725458.75,4162698.75
12,17.00,725457.25,4162697.75
12,18.00,725453.25,4162695.25
12,19.00,725450.25,4162693.25
12,20.00,725446.75,4162691.25
12,21.00,725444.25,4162688.75
12,22.00,725440.75,4162687.25
12,23.00,725435.25,4162683.25
12,24.00,725431.75,4162681.25
12,25.00,725428.75,4162679.25
12,26.00,725425.75,4162676.75
12,27.00,725422.25,4162675.25
12,28.00,725419.75,4162673.25
12,29.00,725417.75,4162671.75
12,30.00,725415.75,4162670.25
12,31.00,725413.24,4162668.69
12,32.00,725411.25,4162667.75
12,33.00,725409.75,4162666.25
12,34.00,725407.75,4162665.75
12,35.00,725406.34,4162664.87
12,36.00,725403.75,4162662.25
12,37.00,725400.75,4162660.75
12,38.00,725397.75,4162658.75
12,39.00,725393.25,4162655.25
12,40.00,725391.25,4162654.25
12,41.00,725389.68,4162653.57
12,42.00,725388.25,4162652.25
12,43.00,725385.58,4162650.50
12,44.00,725384.25,4162649.25
12,45.00,725381.75,4162648.75
12,46.00,725378.75,4162647.75
12,47.00,725375.75,4162645.25
12,48.00,725376.25,4162643.75
12,49.00,725372.25,4162642.75
13,1.00,725495.25,4162718.25
13,2.00,725492.75,4162717.25
13,3.00,725488.25,4162714.25
13,4.00,725486.25,4162713.25
13,5.00,725483.75,4162710.75
13,6.00,725480.25,4162709.25
13,7.00,725478.25,4162708.25
13,8.00,725474.25,4162705.25
13,9.00,725471.25,4162703.25
13,10.00,725470.25,4162702.25
13,11.00,725468.25,4162700.75
13,12.00,725466.75,4162699.75
13,13.00,725464.75,4162699.25
13,14.00,725463.75,4162697.75
13,15.00,725461.75,4162696.75
13,16.00,725457.25,4162694.25
13,17.00,725455.25,4162692.75
13,18.00,725452.75,4162691.25
13,19.00,725451.63,4162690.26
13,20.00,725448.25,4162688.75
13,21.00,725446.25,4162686.75
13,22.00,725442.75,4162684.75
13,23.00,725439.75,4162682.75
13,24.00,725436.75,4162680.75
13,25.00,725433.75,4162678.25
13,26.00,725430.75,4162676.75
13,27.00,725424.75,4162672.25
13,28.00,725421.75,4162670.75
13,29.00,725419.25,4162669.25
13,30.00,725414.75,4162666.25
13,31.00,725412.75,4162664.75
13,32.00,725409.75,4162663.25
13,33.00,725408.25,4162662.25
13,34.00,725407.25,4162661.25
13,35.00,725405.75,4162659.75
13,36.00,725402.25,4162658.25
13,37.00,725400.75,4162656.75
13,38.00,725398.75,4162656.25
13,39.00,725396.25,4162653.25
13,40.00,725394.25,4162652.75
13,41.00,725392.75,4162651.75
13,42.00,725390.25,4162649.75
13,43.00,725388.75,4162649.25
13,44.00,725386.75,4162647.75
13,45.00,725383.75,4162646.75
13,46.00,725376.75,4162641.75
13,47.00,725373.25,4162639.75
14,1.00,725498.75,4162717.75
14,2.00,725498.48,4162716.68
14,3.00,725494.75,4162714.75
14,4.00,725492.75,4162713.25
14,5.00,725491.21,4162712.54
14,6.00,725489.75,4162711.25
14,7.00,725488.54,4162710.59
14,8.00,725486.75,4162709.25
14,9.00,725483.75,4162707.25
14,10.00,725480.75,4162705.25
14,11.00,725477.75,4162703.75
14,12.00,725476.25,4162702.25
14,13.00,725474.47,4162701.48
14,14.00,725472.75,4162700.25
14,15.00,725469.75,4162698.25
14,16.00,725468.25,4162697.25
14,17.00,725467.25,4162696.75
14,18.00,725465.25,4162695.25
14,19.00,725463.75,4162694.25
14,20.00,725462.25,4162693.25
14,21.00,725460.75,4162692.25
14,22.00,725459.25,4162691.25
14,23.00,725456.75,4162690.25
14,24.00,725453.75,4162688.25
14,25.00,725447.25,4162684.25
14,26.00,725444.25,4162682.25
14,27.00,725442.09,4162679.01
14,28.00,725441.25,4162680.25
14,29.00,725438.75,4162677.75
14,30.00,725435.75,4162676.25
14,31.00,725432.25,4162673.75
14,32.00,725429.25,4162671.75
14,33.00,725422.75,4162668.25
14,34.00,725420.75,4162666.25
14,35.00,725419.33,4162665.49
14,36.00,725417.75,4162664.75
14,37.00,725416.25,4162663.25
14,38.00,725414.94,4162661.23
14,39.00,725411.25,4162660.75
14,40.00,725409.75,4162659.25
14,41.00,725406.05,4162657.24
14,42.00,725404.75,4162655.75
14,43.00,725403.25,4162654.75
14,44.00,725402.25,4162654.25
14,45.00,725399.25,4162652.25
14,46.00,725397.75,4162650.75
14,47.00,725394.75,4162649.25
14,48.00,725391.63,4162646.69
14,49.00,725390.25,4162646.25
14,50.00,725385.25,4162643.25
14,51.00,725380.75,4162641.75
14,52.00,725377.75,4162639.25
14,53.00,725374.75,4162637.75
15,1.00,725498.50,4162714.90
15,2.00,725497.39,4162711.71
15,3.00,725485.70,4162704.48
15,4.00,725482.75,4162703.25
15,5.00,725480.75,4162702.25
15,6.00,725477.75,4162700.25
15,7.00,725475.75,4162699.25
15,8.00,725474.75,4162698.25
15,9.00,725473.25,4162697.25
15,10.00,725468.75,4162694.25
15,11.00,725467.25,4162693.25
15,12.00,725465.64,4162691.94
15,13.00,725462.75,4162690.25
15,14.00,725461.25,4162689.25
15,15.00,725459.90,4162687.83
15,16.00,725456.75,4162686.25
15,17.00,725455.25,4162685.25
15,18.00,725453.29,4162684.52
15,19.00,725452.75,4162682.75
15,20.00,725449.25,4162680.75
15,21.00,725446.25,4162679.75
15,22.00,725443.75,4162677.75
15,23.00,725440.25,4162675.75
15,24.00,725437.75,4162673.25
15,25.00,725434.75,4162671.25
15,26.00,725431.25,4162669.25
15,27.00,725425.25,4162665.75
15,28.00,725422.25,4162663.75
15,29.00,725419.25,4162661.75
15,30.00,725416.25,4162659.75
15,31.00,725413.25,4162657.25
15,32.00,725409.75,4162655.25
15,33.00,725406.75,4162653.75
15,34.00,725403.25,4162651.25
15,35.00,725397.75,4162648.25
15,36.00,725394.75,4162645.75
15,37.00,725391.75,4162643.25
15,38.00,725388.25,4162641.75
15,39.00,725385.25,4162639.25
15,40.00,725384.22,4162639.17
15,41.00,725382.25,4162638.25
15,42.00,725380.36,4162637.05
15,43.00,725379.25,4162635.75
15,44.00,725376.25,4162633.75
15,45.00,725375.23,4162632.34
16,1.00,725499.75,4162711.25
16,2.00,725496.75,4162708.25
16,3.00,725493.25,4162707.75
16,4.00,725492.75,4162705.25
16,5.00,725491.75,4162704.25
16,6.00,725486.25,4162701.75
16,7.00,725484.25,4162700.75
16,8.00,725481.75,4162699.25
16,9.00,725480.40,4162698.70
16,10.00,725479.75,4162697.75
16,11.00,725478.15,4162696.72
16,12.00,725476.75,4162695.75
16,13.00,725475.70,4162694.69
16,14.00,725474.25,4162693.25
16,15.00,725471.75,4162692.75
16,16.00,725469.75,4162690.75
16,17.00,725467.75,4162689.75
16,18.00,725466.02,4162688.64
16,19.00,725464.75,4162687.75
16,20.00,725462.75,4162686.25
16,21.00,725461.18,4162685.47
16,22.00,725458.75,4162683.25
16,23.00,725455.75,4162681.25
16,24.00,725454.16,4162680.17
16,25.00,725452.25,4162679.75
16,26.00,725451.25,4162678.25
16,27.00,725445.25,4162675.25
16,28.00,725443.25,4162673.75
16,29.00,725436.25,4162669.25
16,30.00,725434.33,4162666.97
16,31.00,725432.75,4162667.25
16,32.00,725430.25,4162664.75
16,33.00,725427.25,4162663.25
16,34.00,725424.25,4162661.25
16,35.00,725420.75,4162659.25
16,36.00,725418.25,4162657.25
16,37.00,725414.75,4162655.25
16,38.00,725412.25,4162653.25
16,39.00,725408.75,4162651.25
16,40.00,725405.75,4162649.25
16,41.00,725402.25,4162647.75
16,42.00,725399.25,4162645.75
16,43.00,725396.75,4162643.25
16,44.00,725393.25,4162640.75
16,45.00,725390.75,4162639.25
16,46.00,725387.25,4162637.25
16,47.00,725384.25,4162635.25
16,48.00,725380.75,4162633.25
16,49.00,725378.25,4162631.25
16,50.00,725376.28,4162631.03
16,51.00,725374.25,4162630.25
17,1.00,725500.75,4162708.75
17,2.00,725495.75,4162705.75
17,3.00,725490.25,4162701.75
17,4.00,725487.75,4162699.25
17,5.00,725486.25,4162697.75
17,6.00,725483.25,4162696.25
17,7.00,725481.25,4162695.25
17,8.00,725478.25,4162693.25
17,9.00,725477.25,4162691.75
17,10.00,725475.25,4162690.75
17,11.00,725473.75,4162689.75
17,12.00,725470.75,4162688.25
17,13.00,725469.25,4162687.25
17,14.00,725467.25,4162686.25
17,15.00,725465.25,4162684.25
17,16.00,725461.25,4162682.25
17,17.00,725459.78,4162681.11
17,18.00,725458.75,4162680.25
17,19.00,725455.75,4162678.25
17,20.00,725454.25,4162676.75
17,21.00,725449.75,4162674.75
17,22.00,725446.75,4162673.25
17,23.00,725444.25,4162670.25
17,24.00,725440.75,4162668.75
17,25.00,725438.25,4162666.75
17,26.00,725434.25,4162664.75
17,27.00,725428.75,4162661.25
17,28.00,725425.75,4162658.75
17,29.00,725422.75,4162655.75
17,30.00,725419.25,4162654.75
17,31.00,725416.75,4162652.75
17,32.00,725413.75,4162650.25
17,33.00,725410.25,4162648.75
17,34.00,725407.25,4162646.75
17,35.00,725404.25,4162644.75
17,36.00,725400.75,4162642.75
17,37.00,725398.75,4162640.75
17,38.00,725395.75,4162639.25
17,39.00,725392.25,4162636.25
17,40.00,725388.75,4162634.75
17,41.00,725386.25,4162632.75
17,42.00,725382.75,4162630.75
17,43.00,725379.75,4162628.25
18,1.00,725504.19,4162707.41
18,2.00,725499.25,4162704.25
18,3.00,725496.75,4162702.25
18,4.00,725489.25,4162696.75
18,5.00,725487.75,4162695.75
18,6.00,725485.62,4162694.67
18,7.00,725482.89,4162692.68
18,8.00,725481.25,4162691.75
18,9.00,725479.75,4162690.75
18,10.00,725477.25,4162688.75
18,11.00,725471.25,4162684.25
18,12.00,725469.36,4162683.55
18,13.00,725466.75,4162681.75
18,14.00,725464.75,4162680.25
18,15.00,725463.22,4162679.72
18,16.00,725461.75,4162678.25
18,17.00,725459.75,4162677.25
18,18.00,725457.25,4162675.75
18,19.00,725455.75,4162674.25
18,20.00,725451.75,4162672.25
18,21.00,725448.25,4162670.75
18,22.00,725448.75,4162669.75
18,23.00,725445.25,4162668.25
18,24.00,725442.25,4162666.25
18,25.00,725440.91,4162666.56
18,26.00,725439.75,4162664.25
18,27.00,725437.86,4162662.93
18,28.00,725436.25,4162662.25
18,29.00,725433.25,4162660.25
18,30.00,725431.41,4162659.42
18,31.00,725430.25,4162657.75
18,32.00,725427.25,4162655.75
18,33.00,725423.75,4162653.75
18,34.00,725421.25,4162651.75
18,35.00,725418.25,4162650.25
18,36.00,725414.75,4162648.25
18,37.00,725412.25,4162645.75
18,38.00,725408.75,4162644.25
18,39.00,725405.75,4162641.75
18,40.00,725402.75,4162640.25
18,41.00,725399.75,4162638.25
18,42.00,725396.75,4162635.75
18,43.00,725393.75,4162633.75
18,44.00,725390.25,4162632.25
18,45.00,725387.75,4162630.25
18,46.00,725384.75,4162627.75
18,47.00,725381.25,4162625.75
18,48.00,725377.66,4162624.54
19,1.00,725505.25,4162704.25
19,2.00,725504.50,4162703.33
19,3.00,725501.75,4162700.25
19,4.00,725499.66,4162700.51
19,5.00,725496.25,4162696.75
19,6.00,725492.75,4162696.75
19,7.00,725491.04,4162694.07
19,8.00,725487.75,4162692.25
19,9.00,725486.25,4162691.25
19,10.00,725485.25,4162689.87
19,11.00,725482.75,4162689.25
19,12.00,725479.75,4162687.25
19,13.00,725476.75,4162685.25
19,14.00,725475.75,4162683.84
19,15.00,725474.25,4162683.25
19,16.00,725472.25,4162681.75
19,17.00,725469.25,4162680.25
19,18.00,725467.75,4162678.75
19,19.00,725466.61,4162679.71
19,20.00,725465.07,4162677.20
19,21.00,725463.25,4162676.25
19,22.00,725460.25,4162673.75
19,23.00,725458.75,4162672.75
19,24.00,725455.25,4162671.25
19,25.00,725453.25,4162669.25
19,26.00,725450.25,4162667.25
19,27.00,725447.75,4162665.25
19,28.00,725443.75,4162663.25
19,29.00,725440.75,4162661.75
19,30.00,725438.25,4162659.75
19,31.00,725434.75,4162657.75
19,32.00,725432.25,4162655.75
19,33.00,725426.25,4162651.75
19,34.00,725422.75,4162649.25
19,35.00,725418.01,4162645.37
19,36.00,725416.75,4162645.75
19,37.00,725413.75,4162643.25
19,38.00,725411.25,4162642.25
19,39.00,725407.25,4162639.75
19,40.00,725404.25,4162637.25
19,41.00,725401.75,4162635.75
19,42.00,725398.25,4162633.25
19,43.00,725395.25,4162631.25
19,44.00,725392.25,4162629.75
19,45.00,725389.25,4162627.25
19,46.00,725385.75,4162625.75
19,47.00,725383.25,4162623.25
19,48.00,725377.75,4162621.25
20,1.00,725495.25,4162693.25
20,2.00,725492.75,4162691.25
20,3.00,725489.75,4162689.75
20,4.00,725487.75,4162688.75
20,5.00,725484.75,4162686.75
20,6.00,725482.75,4162684.75
20,7.00,725480.25,4162683.75
20,8.00,725477.25,4162681.75
20,9.00,725475.75,4162680.25
20,10.00,725472.75,4162678.75
20,11.00,725471.25,4162677.75
20,12.00,725469.64,4162676.69
20,13.00,725468.25,4162675.75
20,14.00,725466.75,4162674.75
20,15.00,725463.75,4162672.75
20,16.00,725462.25,4162671.25
20,17.00,725460.25,4162670.25
20,18.00,725458.25,4162669.75
20,19.00,725456.75,4162668.75
20,20.00,725454.75,4162667.25
20,21.00,725451.75,4162664.75
20,22.00,725448.75,4162663.25
20,23.00,725445.75,4162661.25
20,24.00,725442.25,4162659.25
20,25.00,725439.75,4162656.75
20,26.00,725436.75,4162654.75
20,27.00,725433.75,4162653.25
20,28.00,725430.75,4162651.25
20,29.00,725427.75,4162648.75
20,30.00,725424.25,4162646.75
20,31.00,725421.25,4162645.25
20,32.00,725418.75,4162642.75
20,33.00,725417.37,4162644.11
20,34.00,725415.25,4162641.25
20,35.00,725412.25,4162639.25
20,36.00,725408.75,4162636.75
20,37.00,725406.25,4162635.25
20,38.00,725403.25,4162633.25
20,39.00,725400.25,4162631.25
20,40.00,725399.01,4162631.63
20,41.00,725396.75,4162629.25
20,42.00,725393.75,4162627.25
20,43.00,725390.75,4162624.75
20,44.00,725387.75,4162623.25
20,45.00,725384.75,4162620.25
20,46.00,725379.75,4162618.25
20,47.00,725380.13,4162616.80
21,1.00,725497.25,4162690.75
21,2.00,725494.25,4162688.75
21,3.00,725492.15,4162688.01
21,4.00,725491.25,4162686.75
21,5.00,725490.79,4162684.99
21,6.00,725488.25,4162684.75
21,7.00,725486.13,4162684.23
21,8.00,725483.75,4162681.75
21,9.00,725481.71,4162681.09
21,10.00,725480.25,4162679.75
21,11.00,725477.75,4162677.75
21,12.00,725475.75,4162676.75
21,13.00,725472.75,4162675.25
21,14.00,725472.44,4162673.13
21,15.00,725470.75,4162673.75
21,16.00,725468.25,4162672.25
21,17.00,725466.25,4162671.25
21,18.00,725463.75,4162669.25
21,19.00,725462.25,4162667.75
21,20.00,725460.25,4162666.75
21,21.00,725458.75,4162665.75
21,22.00,725456.75,4162663.75
21,23.00,725453.75,4162662.25
21,24.00,725450.75,4162660.75
21,25.00,725447.75,4162658.25
21,26.00,725444.75,4162655.75
21,27.00,725441.75,4162654.75
21,28.00,725438.25,4162652.75
21,29.00,725435.75,4162650.25
21,30.00,725432.25,4162647.75
21,31.00,725429.25,4162646.75
21,32.00,725426.25,4162644.25
21,33.00,725424.54,4162641.80
21,34.00,725423.25,4162642.25
21,35.00,725420.25,4162640.25
21,36.00,725417.75,4162638.25
21,37.00,725414.25,4162636.75
21,38.00,725411.25,4162634.25
21,39.00,725409.59,4162634.29
21,40.00,725407.75,4162632.75
21,41.00,725404.75,4162630.75
21,42.00,725402.25,4162627.75
21,43.00,725398.25,4162626.25
21,44.00,725395.75,4162624.25
21,45.00,725393.25,4162622.75
21,46.00,725389.75,4162620.25
21,47.00,725386.25,4162618.25
21,48.00,725385.25,4162616.75
21,49.00,725380.84,4162615.60
22,1.00,725495.75,4162686.75
22,2.00,725492.75,4162684.25
22,3.00,725491.25,4162683.75
22,4.00,725488.25,4162681.75
22,5.00,725486.75,4162680.25
22,6.00,725485.25,4162679.75
22,7.00,725483.75,4162678.25
22,8.00,725481.75,4162677.25
22,9.00,725480.57,4162676.40
22,10.00,725478.75,4162675.25
22,11.00,725477.75,4162674.75
22,12.00,725476.00,4162673.31
22,13.00,725474.25,4162672.75
22,14.00,725472.75,4162671.25
22,15.00,725471.13,4162670.39
22,16.00,725470.25,4162669.75
22,17.00,725468.25,4162668.25
22,18.00,725467.25,4162667.15
22,19.00,725465.25,4162666.75
22,20.00,725463.75,4162665.75
22,21.00,725460.75,4162663.25
22,22.00,725458.25,4162661.75
22,23.00,725455.25,4162659.75
22,24.00,725452.25,4162657.75
22,25.00,725449.25,4162655.75
22,26.00,725443.75,4162652.25
22,27.00,725440.25,4162649.75
22,28.00,725437.09,4162646.94
22,29.00,725433.75,4162645.75
22,30.00,725430.75,4162643.75
22,31.00,725427.75,4162642.25
22,32.00,725425.25,4162639.75
22,33.00,725421.75,4162637.75
22,34.00,725415.75,4162633.75
22,35.00,725412.75,4162631.75
22,36.00,725409.75,4162630.25
22,37.00,725406.75,4162628.25
22,38.00,725403.25,4162625.25
22,39.00,725400.25,4162624.25
22,40.00,725397.25,4162621.75
22,41.00,725394.25,4162619.75
22,42.00,725391.25,4162617.75
22,43.00,725388.25,4162615.25
22,44.00,725383.75,4162611.75
23,1.00,725505.75,4162688.75
23,2.00,725502.75,4162687.25
23,3.00,725500.75,4162685.25
23,4.00,725497.25,4162684.25
23,5.00,725496.25,4162682.25
23,6.00,725492.75,4162680.75
23,7.00,725491.25,4162679.75
23,8.00,725489.82,4162678.66
23,9.00,725488.25,4162677.75
23,10.00,725485.25,4162675.75
23,11.00,725483.75,4162674.75
23,12.00,725482.25,4162673.75
23,13.00,725480.75,4162672.75
23,14.00,725479.25,4162671.75
23,15.00,725478.32,4162670.97
23,16.00,725476.25,4162669.75
23,17.00,725474.25,4162668.75
23,18.00,725471.75,4162666.75
23,19.00,725468.25,4162664.75
23,20.00,725466.44,4162664.06
23,21.00,725463.75,4162662.25
23,22.00,725462.25,4162660.75
23,23.00,725459.75,4162659.25
23,24.00,725457.25,4162657.75
23,25.00,725454.25,4162655.25
23,26.00,725453.66,4162654.24
23,27.00,725450.75,4162653.25
23,28.00,725444.75,4162649.25
23,29.00,725441.25,4162647.25
23,30.00,725438.25,4162644.75
23,31.00,725435.75,4162643.25
23,32.00,725432.25,4162641.25
23,33.00,725429.25,4162639.25
23,34.00,725426.75,4162637.25
23,35.00,725423.25,4162635.75
23,36.00,725416.75,4162631.25
23,37.00,725411.25,4162627.25
23,38.00,725408.25,4162625.25
23,39.00,725405.25,4162623.75
23,40.00,725402.25,4162621.25
23,41.00,725398.75,4162619.25
23,42.00,725395.75,4162617.25
23,43.00,725392.75,4162615.25
23,44.00,725389.75,4162613.25
23,45.00,725381.24,4162608.09
24,1.00,725505.25,4162684.25
24,2.00,725502.25,4162682.25
24,3.00,725499.25,4162681.25
24,4.00,725498.25,4162680.25
24,5.00,725495.75,4162679.75
24,6.00,725493.25,4162677.25
24,7.00,725491.75,4162676.25
24,8.00,725490.14,4162675.54
24,9.00,725488.25,4162674.75
24,10.00,725486.75,4162672.75
24,11.00,725484.25,4162671.25
24,12.00,725480.75,4162669.25
24,13.00,725477.75,4162667.25
24,14.00,725476.16,4162666.52
24,15.00,725474.75,4162665.25
24,16.00,725471.75,4162663.25
24,17.00,725468.75,4162661.25
24,18.00,725465.25,4162659.25
24,19.00,725461.75,4162656.75
24,20.00,725458.75,4162654.75
24,21.00,725455.25,4162652.75
24,22.00,725452.25,4162650.75
24,23.00,725450.45,4162647.75
24,24.00,725449.25,4162649.25
24,25.00,725446.75,4162647.25
24,26.00,725443.25,4162644.75
24,27.00,725440.25,4162642.75
24,28.00,725437.25,4162640.75
24,29.00,725433.75,4162638.75
24,30.00,725430.25,4162635.75
24,31.00,725424.75,4162632.75
24,32.00,725421.75,4162630.75
24,33.00,725418.75,4162628.75
24,34.00,725413.25,4162625.25
24,35.00,725409.75,4162622.75
24,36.00,725406.75,4162620.75
24,37.00,725403.75,4162618.75
24,38.00,725400.25,4162616.75
24,39.00,725397.25,4162614.75
24,40.00,725394.25,4162612.75
24,41.00,725391.25,4162610.75
25,1.00,725509.25,4162683.75
25,2.00,725500.75,4162678.75
25,3.00,725499.50,4162678.79
25,4.00,725495.25,4162675.25
25,5.00,725492.75,4162673.75
25,6.00,725491.25,4162672.75
25,7.00,725488.75,4162670.75
25,8.00,725486.75,4162669.75
25,9.00,725484.25,4162668.25
25,10.00,725482.25,4162666.75
25,11.00,725479.25,4162664.75
25,12.00,725477.68,4162663.70
25,13.00,725476.25,4162662.75
25,14.00,725474.75,4162661.25
25,15.00,725470.25,4162658.75
25,16.00,725468.75,4162657.75
25,17.00,725465.75,4162655.75
25,18.00,725464.88,4162654.12
25,19.00,725463.25,4162654.25
25,20.00,725460.25,4162652.25
25,21.00,725456.75,4162650.25
25,22.00,725453.75,4162648.25
25,23.00,725451.25,4162646.25
25,24.00,725448.25,4162644.75
25,25.00,725444.75,4162642.25
25,26.00,725441.75,4162640.25
25,27.00,725438.75,4162638.25
25,28.00,725435.75,4162636.25
25,29.00,725432.75,4162634.25
25,30.00,725429.25,4162632.25
25,31.00,725426.75,4162630.25
25,32.00,725420.25,4162626.75
25,33.00,725417.25,4162624.75
25,34.00,725414.25,4162622.75
25,35.00,725411.75,4162620.25
25,36.00,725405.25,4162616.25
25,37.00,725402.75,4162614.75
25,38.00,725399.25,4162612.25
25,39.00,725392.75,4162608.25
25,40.00,725389.25,4162604.75
25,41.00,725385.78,4162603.90
26,1.00,725512.75,4162681.75
26,2.00,725510.10,4162679.73
26,3.00,725507.75,4162679.25
26,4.00,725502.25,4162676.25
26,5.00,725499.25,4162674.75
26,6.00,725497.75,4162673.25
26,7.00,725496.25,4162672.25
26,8.00,725494.25,4162671.25
26,9.00,725492.33,4162670.61
26,10.00,725489.75,4162668.75
26,11.00,725486.75,4162666.25
26,12.00,725483.75,4162664.25
26,13.00,725480.75,4162662.25
26,14.00,725479.29,4162660.67
26,15.00,725477.75,4162660.25
26,16.00,725476.39,4162659.17
26,17.00,725474.75,4162658.25
26,18.00,725472.48,4162657.22
26,19.00,725470.75,4162654.75
26,20.00,725468.75,4162654.25
26,21.00,725467.25,4162652.75
26,22.00,725461.75,4162649.75
26,23.00,725459.25,4162647.75
26,24.00,725455.75,4162645.75
26,25.00,725452.75,4162644.25
26,26.00,725449.75,4162641.75
26,27.00,725443.25,4162637.75
26,28.00,725440.75,4162635.75
26,29.00,725437.25,4162633.75
26,30.00,725434.75,4162632.25
26,31.00,725431.75,4162629.75
26,32.00,725428.75,4162627.75
26,33.00,725425.25,4162626.25
26,34.00,725422.25,4162623.75
26,35.00,725419.25,4162622.25
26,36.00,725416.25,4162619.25
26,37.00,725412.75,4162617.75
26,38.00,725409.75,4162615.75
26,39.00,725408.86,4162616.55
26,40.00,725407.25,4162613.75
26,41.00,725403.75,4162611.75
26,42.00,725397.75,4162608.25
26,43.00,725394.75,4162605.75
26,44.00,725386.25,4162600.75
27,1.00,725508.25,4162675.25
27,2.00,725501.75,4162671.75
27,3.00,725500.30,4162669.81
27,4.00,725498.75,4162669.75
27,5.00,725496.75,4162668.75
27,6.00,725494.75,4162667.75
27,7.00,725492.25,4162665.75
27,8.00,725490.61,4162664.51
27,9.00,725489.25,4162663.75
27,10.00,725486.25,4162661.75
27,11.00,725482.75,4162659.75
27,12.00,725480.75,4162659.25
27,13.00,725480.25,4162657.25
27,14.00,725476.75,4162655.75
27,15.00,725475.75,4162654.75
27,16.00,725473.75,4162653.25
27,17.00,725472.25,4162652.75
27,18.00,725470.25,4162651.75
27,19.00,725468.25,4162649.25
27,20.00,725466.75,4162648.25
27,21.00,725464.75,4162648.25
27,22.00,725463.53,4162646.49
27,23.00,725461.25,4162645.75
27,24.00,725460.75,4162644.25
27,25.00,725458.75,4162643.75
27,26.00,725457.25,4162642.75
27,27.00,725452.80,4162639.77
27,28.00,725451.25,4162638.75
27,29.00,725449.25,4162637.75
27,30.00,725446.25,4162635.75
27,31.00,725444.88,4162635.22
27,32.00,725443.25,4162634.25
27,33.00,725441.25,4162632.71
27,34.00,725440.25,4162631.75
27,35.00,725437.25,4162629.75
27,36.00,725433.75,4162628.25
27,37.00,725429.75,4162625.25
27,38.00,725426.75,4162623.75
27,39.00,725421.66,4162620.76
27,40.00,725420.75,4162619.25
27,41.00,725417.75,4162617.25
27,42.00,725413.75,4162615.75
27,43.00,725411.25,4162613.75
27,44.00,725408.75,4162611.25
27,45.00,725399.75,4162605.25
27,46.00,725396.25,4162603.75
28,1.00,725512.25,4162673.25
28,2.00,725506.25,4162671.25
28,3.00,725501.25,4162668.25
28,4.00,725496.56,4162666.05
28,5.00,725495.25,4162664.25
28,6.00,725492.25,4162662.25
28,7.00,725488.25,4162659.25
28,8.00,725486.25,4162658.25
28,9.00,725484.75,4162657.25
28,10.00,725482.75,4162656.25
28,11.00,725478.25,4162653.25
28,12.00,725477.25,4162651.75
28,13.00,725474.25,4162650.25
28,14.00,725472.75,4162648.75
28,15.00,725470.75,4162647.75
28,16.00,725466.25,4162645.25
28,17.00,725464.75,4162644.25
28,18.00,725460.74,4162642.66
28,19.00,725460.25,4162641.25
28,20.00,725458.75,4162640.25
28,21.00,725457.25,4162639.25
28,22.00,725455.75,4162638.25
28,23.00,725453.81,4162637.48
28,24.00,725452.25,4162635.75
28,25.00,725449.75,4162634.25
28,26.00,725448.25,4162633.25
28,27.00,725446.25,4162632.25
28,28.00,725444.75,4162631.25
28,29.00,725443.25,4162630.25
28,30.00,725441.75,4162629.25
28,31.00,725440.25,4162628.25
28,32.00,725436.75,4162626.25
28,33.00,725434.25,4162624.25
28,34.00,725431.25,4162623.25
28,35.00,725428.75,4162621.25
28,36.00,725425.25,4162618.75
28,37.00,725421.75,4162617.25
28,38.00,725419.25,4162615.25
28,39.00,725416.25,4162613.25
28,40.00,725412.75,4162611.25
28,41.00,725410.25,4162608.75
28,42.00,725407.25,4162606.75
28,43.00,725404.25,4162604.75
28,44.00,725401.75,4162602.25
28,45.00,725397.75,4162600.75
28,46.00,725393.75,4162597.25
29,1.00,725511.75,4162669.25
29,2.00,725508.25,4162669.25
29,3.00,725506.25,4162667.75
29,4.00,725503.75,4162665.75
29,5.00,725501.75,4162664.75
29,6.00,725501.42,4162662.91
29,7.00,725498.75,4162662.75
29,8.00,725495.75,4162660.75
29,9.00,725494.25,4162659.75
29,10.00,725492.75,4162658.75
29,11.00,725490.75,4162657.75
29,12.00,725489.25,4162656.75
29,13.00,725488.25,4162655.75
29,14.00,725484.75,4162653.75
29,15.00,725482.25,4162651.25
29,16.00,725480.55,4162650.05
29,17.00,725479.25,4162649.75
29,18.00,725475.75,4162647.75
29,19.00,725474.25,4162646.25
29,20.00,725470.75,4162644.75
29,21.00,725468.25,4162642.25
29,22.00,725465.75,4162641.75
29,23.00,725462.25,4162638.75
29,24.00,725460.25,4162637.75
29,25.00,725457.25,4162635.75
29,26.00,725454.15,4162633.73
29,27.00,725452.75,4162632.75
29,28.00,725449.75,4162630.25
29,29.00,725446.75,4162628.75
29,30.00,725443.25,4162626.25
29,31.00,725440.75,4162624.75
29,32.00,725437.75,4162622.75
29,33.00,725435.25,4162621.75
29,34.00,725433.25,4162620.75
29,35.00,725430.25,4162618.75
29,36.00,725427.25,4162616.75
29,37.00,725424.25,4162614.75
29,38.00,725421.25,4162612.25
29,39.00,725418.25,4162610.25
29,40.00,725414.75,4162608.25
29,41.00,725411.75,4162606.75
29,42.00,725408.75,4162604.25
29,43.00,725405.75,4162602.25
29,44.00,725404.93,4162600.21
29,45.00,725402.75,4162600.25
29,46.00,725395.25,4162596.25
30,1.00,725509.25,4162666.25
30,2.00,725508.25,4162664.75
30,3.00,725506.25,4162663.75
30,4.00,725504.75,4162663.25
30,5.00,725502.25,4162661.25
30,6.00,725500.25,4162660.25
30,7.00,725498.25,4162659.25
30,8.00,725495.75,4162656.75
30,9.00,725492.75,4162655.25
30,10.00,725489.75,4162652.75
30,11.00,725487.75,4162652.25
30,12.00,725485.25,4162649.75
30,13.00,725480.25,4162647.25
30,14.00,725479.25,4162646.25
30,15.00,725477.25,4162644.75
30,16.00,725475.25,4162643.75
30,17.00,725472.75,4162642.25
30,18.00,725469.75,4162640.25
30,19.00,725467.75,4162639.75
30,20.00,725465.25,4162637.25
30,21.00,725463.25,4162635.75
30,22.00,725460.75,4162634.25
30,23.00,725458.75,4162633.25
30,24.00,725456.84,4162632.27
30,25.00,725455.75,4162631.25
30,26.00,725452.75,4162629.75
30,27.00,725450.75,4162628.25
30,28.00,725448.25,4162626.25
30,29.00,725444.75,4162624.75
30,30.00,725442.25,4162622.25
30,31.00,725440.25,4162621.75
30,32.00,725438.75,4162620.75
30,33.00,725434.75,4162618.25
30,34.00,725431.75,4162616.25
30,35.00,725428.75,4162613.75
30,36.00,725425.75,4162611.75
30,37.00,725422.25,4162610.25
30,38.00,725419.75,4162607.75
30,39.00,725416.75,4162605.75
30,40.00,725414.25,4162604.25
30,41.00,725410.75,4162601.75
30,42.00,725404.75,4162598.25
30,43.00,725400.40,4162596.00
31,1.00,725515.25,4162666.75
31,2.00,725513.72,4162664.92
31,3.00,725511.75,4162663.75
31,4.00,725509.25,4162662.75
31,5.00,725508.25,4162661.25
31,6.00,725503.25,4162659.25
31,7.00,725501.75,4162657.75
31,8.00,725500.38,4162656.64
31,9.00,725498.56,4162655.69
31,10.00,725497.25,4162654.75
31,11.00,725494.75,4162652.75
31,12.00,725491.25,4162650.75
31,13.00,725488.25,4162648.75
31,14.00,725486.75,4162646.75
31,15.00,725484.75,4162646.75
31,16.00,725482.25,4162644.75
31,17.00,725480.25,4162643.25
31,18.00,725477.75,4162641.25
31,19.00,725473.25,4162638.25
31,20.00,725469.75,4162636.75
31,21.00,725466.25,4162634.75
31,22.00,725462.25,4162631.75
31,23.00,725459.25,4162629.75
31,24.00,725457.75,4162628.75
31,25.00,725455.75,4162627.75
31,26.00,725454.42,4162626.81
31,27.00,725452.75,4162625.75
31,28.00,725449.75,4162623.75
31,29.00,725447.75,4162622.75
31,30.00,725446.91,4162621.74
31,31.00,725445.75,4162621.25
31,32.00,725443.73,4162619.59
31,33.00,725442.25,4162618.75
31,34.00,725440.25,4162617.75
31,35.00,725438.65,4162616.80
31,36.00,725436.75,4162615.25
31,37.00,725433.75,4162613.75
31,38.00,725430.25,4162611.25
31,39.00,725424.25,4162607.75
31,40.00,725421.25,4162605.25
31,41.00,725419.41,4162602.34
31,42.00,725418.25,4162603.25
31,43.00,725415.25,4162601.25
31,44.00,725412.25,4162599.25
31,45.00,725409.25,4162597.25
31,46.00,725406.25,4162595.25
31,47.00,725402.75,4162593.25
31,48.00,725399.25,4162591.25
31,49.00,725396.75,4162588.25
32,1.00,725517.74,4162663.87
32,2.00,725511.25,4162660.25
32,3.00,725506.75,4162657.75
32,4.00,725503.25,4162655.25
32,5.00,725501.75,4162653.75
32,6.00,725500.33,4162652.29
32,7.00,725498.75,4162652.25
32,8.00,725497.25,4162651.25
32,9.00,725494.49,4162649.14
32,10.00,725493.25,4162648.25
32,11.00,725490.25,4162646.25
32,12.00,725488.75,4162644.25
32,13.00,725486.75,4162644.25
32,14.00,725485.25,4162643.25
32,15.00,725482.25,4162641.25
32,16.00,725479.25,4162639.25
32,17.00,725475.75,4162636.75
32,18.00,725474.25,4162636.25
32,19.00,725472.25,4162634.75
32,20.00,725471.25,4162633.75
32,21.00,725469.66,4162633.10
32,22.00,725468.25,4162632.25
32,23.00,725466.81,4162631.05
32,24.00,725465.25,4162629.75
32,25.00,725463.75,4162629.25
32,26.00,725462.25,4162628.25
32,27.00,725458.75,4162626.25
32,28.00,725457.25,4162625.25
32,29.00,725454.25,4162623.25
32,30.00,725453.25,4162621.75
32,31.00,725449.75,4162620.25
32,32.00,725446.25,4162618.25
32,33.00,725443.75,4162616.25
32,34.00,725440.25,4162614.25
32,35.00,725438.25,4162612.75
32,36.00,725432.25,4162608.25
32,37.00,725428.75,4162607.25
32,38.00,725425.75,4162604.75
32,39.00,725422.75,4162602.75
32,40.00,725420.25,4162600.75
32,41.00,725416.75,4162598.75
32,42.00,725413.75,4162596.75
32,43.00,725407.75,4162592.75
32,44.00,725404.25,4162590.75
32,45.00,725398.75,4162585.25
33,1.00,725517.25,4162660.25
33,2.00,725514.75,4162658.75
33,3.00,725512.75,4162657.75
33,4.00,725508.75,4162654.75
33,5.00,725507.25,4162653.25
33,6.00,725504.25,4162651.75
33,7.00,725502.25,4162650.75
33,8.00,725500.75,4162649.75
33,9.00,725499.25,4162648.75
33,10.00,725497.69,4162647.88
33,11.00,725495.25,4162645.25
33,12.00,725493.25,4162644.75
33,13.00,725491.75,4162643.75
33,14.00,725490.25,4162642.75
33,15.00,725485.75,4162639.75
33,16.00,725483.75,4162638.25
33,17.00,725480.75,4162636.75
33,18.00,725477.25,4162634.25
33,19.00,725474.25,4162632.25
33,20.00,725472.75,4162631.25
33,21.00,725471.25,4162630.25
33,22.00,725469.75,4162629.75
33,23.00,725467.95,4162628.65
33,24.00,725466.71,4162627.52
33,25.00,725465.75,4162626.75
33,26.00,725463.75,4162625.25
33,27.00,725461.75,4162624.75
33,28.00,725460.45,4162623.90
33,29.00,725458.75,4162622.75
33,30.00,725457.25,4162621.75
33,31.00,725455.25,4162620.75
33,32.00,725451.25,4162617.75
33,33.00,725449.75,4162616.75
33,34.00,725448.22,4162615.79
33,35.00,725447.10,4162615.86
33,36.00,725446.75,4162614.75
33,37.00,725445.25,4162613.25
33,38.00,725441.75,4162611.75
33,39.00,725439.75,4162610.75
33,40.00,725436.75,4162608.75
33,41.00,725434.46,4162606.20
33,42.00,725433.25,4162606.75
33,43.00,725430.75,4162604.25
33,44.00,725427.75,4162602.25
33,45.00,725421.75,4162597.75
33,46.00,725419.63,4162595.66
33,47.00,725418.75,4162596.75
33,48.00,725415.25,4162594.25
33,49.00,725412.75,4162592.25
33,50.00,725409.75,4162590.25
33,51.00,725406.25,4162588.75
33,52.00,725404.36,4162586.87
33,53.00,725402.75,4162587.25
34,1.00,725521.25,4162658.75
34,2.00,725516.25,4162655.75
34,3.00,725512.75,4162654.25
34,4.00,725510.25,4162652.25
34,5.00,725508.75,4162651.25
34,6.00,725507.25,4162649.75
34,7.00,725505.75,4162648.75
34,8.00,725503.75,4162647.75
34,9.00,725500.75,4162646.25
34,10.00,725499.25,4162644.75
34,11.00,725496.75,4162642.75
34,12.00,725493.75,4162640.75
34,13.00,725491.75,4162639.75
34,14.00,725490.04,4162639.21
34,15.00,725487.25,4162636.75
34,16.00,725483.75,4162635.25
34,17.00,725482.25,4162633.75
34,18.00,725479.25,4162631.75
34,19.00,725476.25,4162629.75
34,20.00,725474.75,4162628.75
34,21.00,725471.75,4162626.75
34,22.00,725470.25,4162625.75
34,23.00,725466.91,4162624.04
34,24.00,725463.75,4162621.75
34,25.00,725462.17,4162620.68
34,26.00,725460.75,4162620.25
34,27.00,725459.25,4162618.75
34,28.00,725457.75,4162618.25
34,29.00,725456.25,4162616.75
34,30.00,725454.75,4162616.25
34,31.00,725453.25,4162615.25
34,32.00,725451.75,4162614.25
34,33.00,725450.25,4162613.25
34,34.00,725448.25,4162611.75
34,35.00,725445.39,4162610.23
34,36.00,725443.75,4162609.25
34,37.00,725441.25,4162607.75
34,38.00,725438.25,4162605.75
34,39.00,725435.25,4162603.75
34,40.00,725432.25,4162601.75
34,41.00,725429.75,4162599.25
34,42.00,725426.75,4162597.75
34,43.00,725423.75,4162595.75
34,44.00,725420.25,4162594.25
34,45.00,725417.25,4162591.75
34,46.00,725413.75,4162589.75
34,47.00,725411.25,4162587.25
34,48.00,725407.75,4162585.75
34,49.00,725404.75,4162583.25
35,1.00,725526.25,4162657.75
35,2.00,725522.75,4162657.25
35,3.00,725518.74,4162655.44
35,4.00,725518.25,4162652.25
35,5.00,725516.95,4162654.02
35,6.00,725512.25,4162649.75
35,7.00,725510.25,4162648.25
35,8.00,725508.76,4162647.42
35,9.00,725507.15,4162646.27
35,10.00,725505.78,4162645.41
35,11.00,725504.25,4162644.25
35,12.00,725499.75,4162641.25
35,13.00,725496.75,4162639.25
35,14.00,725492.25,4162636.25
35,15.00,725490.25,4162635.25
35,16.00,725486.25,4162632.25
35,17.00,725484.44,4162631.01
35,18.00,725482.75,4162630.75
35,19.00,725481.25,4162629.25
35,20.00,725479.25,4162628.25
35,21.00,725476.75,4162626.75
35,22.00,725474.75,4162625.25
35,23.00,725473.41,4162624.45
35,24.00,725471.75,4162623.75
35,25.00,725470.25,4162622.25
35,26.00,725467.75,4162620.25
35,27.00,725465.75,4162619.25
35,28.00,725464.25,4162617.75
35,29.00,725462.25,4162617.25
35,30.00,725461.04,4162616.35
35,31.00,725459.25,4162615.25
35,32.00,725456.25,4162613.25
35,33.00,725454.92,4162612.42
35,34.00,725453.25,4162611.75
35,35.00,725451.75,4162610.75
35,36.00,725448.75,4162608.25
35,37.00,725447.25,4162607.75
35,38.00,725443.25,4162605.25
35,39.00,725440.25,4162603.25
35,40.00,725437.25,4162601.25
35,41.00,725433.75,4162599.25
35,42.00,725431.25,4162596.75
35,43.00,725428.25,4162595.25
35,44.00,725424.75,4162593.25
35,45.00,725422.25,4162591.25
35,46.00,725418.75,4162589.25
35,47.00,725415.47,4162589.10
35,48.00,725415.75,4162587.25
35,49.00,725412.75,4162584.75
35,50.00,725409.75,4162582.75
35,51.00,725403.75,4162578.75
35,52.00,725400.75,4162578.25
36,1.00,725524.77,4162653.51
36,2.00,725522.75,4162651.75
36,3.00,725518.75,4162649.75
36,4.00,725516.25,4162649.25
36,5.00,725514.75,4162647.75
36,6.00,725511.75,4162646.25
36,7.00,725510.25,4162644.75
36,8.00,725508.74,4162644.01
36,9.00,725507.25,4162643.25
36,10.00,725505.75,4162641.75
36,11.00,725502.75,4162639.75
36,12.00,725501.04,4162638.99
36,13.00,725499.75,4162638.25
36,14.00,725496.75,4162636.25
36,15.00,725495.25,4162634.75
36,16.00,725493.25,4162633.75
36,17.00,725490.25,4162631.75
36,18.00,725488.75,4162630.75
36,19.00,725487.63,4162629.84
36,20.00,725485.75,4162628.75
36,21.00,725484.25,4162628.25
36,22.00,725481.25,4162625.75
36,23.00,725477.75,4162623.75
36,24.00,725476.47,4162622.80
36,25.00,725474.75,4162621.75
36,26.00,725473.25,4162621.25
36,27.00,725471.84,4162620.28
36,28.00,725468.75,4162618.25
36,29.00,725467.25,4162616.75
36,30.00,725465.25,4162615.75
36,31.00,725462.75,4162613.75
36,32.00,725459.25,4162612.25
36,33.00,725458.02,4162611.49
36,34.00,725456.25,4162610.25
36,35.00,725455.25,4162608.75
36,36.00,725451.75,4162607.25
36,37.00,725450.75,4162606.25
36,38.00,725449.75,4162605.75
36,39.00,725448.75,4162604.75
36,40.00,725446.75,4162604.25
36,41.00,725444.30,4162603.34
36,42.00,725442.25,4162600.75
36,43.00,725438.75,4162598.75
36,44.00,725435.75,4162596.75
36,45.00,725434.75,4162597.75
36,46.00,725432.75,4162594.25
36,47.00,725429.25,4162592.75
36,48.00,725426.25,4162590.75
36,49.00,725423.25,4162588.75
36,50.00,725420.75,4162586.25
36,51.00,725417.75,4162584.75
36,52.00,725414.75,4162582.75
36,53.00,725411.25,4162580.75
36,54.00,725407.25,4162578.75
37,1.00,725527.25,4162651.25
37,2.00,725524.25,4162648.25
37,3.00,725521.25,4162648.75
37,4.00,725517.75,4162646.75
37,5.00,725515.25,4162644.25
37,6.00,725513.25,4162643.75
37,7.00,725511.75,4162642.25
37,8.00,725505.75,4162638.75
37,9.00,725504.29,4162637.68
37,10.00,725502.75,4162636.75
37,11.00,725498.25,4162633.25
37,12.00,725495.75,4162631.25
37,13.00,725493.75,4162630.75
37,14.00,725491.25,4162628.75
37,15.00,725489.75,4162627.25
37,16.00,725487.75,4162626.25
37,17.00,725486.25,4162625.25
37,18.00,725484.25,4162624.25
37,19.00,725482.25,4162622.75
37,20.00,725480.84,4162621.96
37,21.00,725474.75,4162618.75
37,22.00,725471.75,4162616.25
37,23.00,725470.25,4162615.25
37,24.00,725468.75,4162614.25
37,25.00,725466.75,4162613.75
37,26.00,725464.25,4162611.75
37,27.00,725461.25,4162609.25
37,28.00,725459.75,4162608.25
37,29.00,725457.25,4162605.75
37,30.00,725453.25,4162604.75
37,31.00,725452.01,4162603.86
37,32.00,725450.25,4162602.25
37,33.00,725448.25,4162601.75
37,34.00,725441.90,4162596.64
37,35.00,725440.25,4162596.25
37,36.00,725437.25,4162594.25
37,37.00,725434.75,4162591.75
37,38.00,725431.25,4162590.25
37,39.00,725428.25,4162587.75
37,40.00,725425.25,4162585.75
37,41.00,725422.75,4162583.75
37,42.00,725419.25,4162581.75
37,43.00,725415.75,4162579.75
37,44.00,725412.75,4162577.75
37,45.00,725406.25,4162574.25
37,46.00,725403.75,4162572.25
38,1.00,725519.25,4162643.75
38,2.00,725516.75,4162641.75
38,3.00,725514.75,4162640.75
38,4.00,725513.75,4162640.25
38,5.00,725511.75,4162638.75
38,6.00,725509.25,4162636.75
38,7.00,725507.25,4162635.75
38,8.00,725504.25,4162633.75
38,9.00,725503.01,4162632.46
38,10.00,725501.25,4162631.75
38,11.00,725498.54,4162629.63
38,12.00,725496.75,4162628.75
38,13.00,725495.75,4162627.75
38,14.00,725492.75,4162625.25
38,15.00,725490.75,4162624.25
38,16.00,725487.75,4162622.25
38,17.00,725485.75,4162621.25
38,18.00,725484.25,4162620.25
38,19.00,725482.25,4162619.75
38,20.00,725479.75,4162617.75
38,21.00,725477.75,4162616.75
38,22.00,725475.24,4162614.04
38,23.00,725473.60,4162613.51
38,24.00,725471.75,4162612.75
38,25.00,725470.25,4162611.75
38,26.00,725467.25,4162609.75
38,27.00,725464.25,4162607.25
38,28.00,725462.25,4162605.75
38,29.00,725459.75,4162604.75
38,30.00,725458.75,4162603.75
38,31.00,725456.25,4162603.25
38,32.00,725453.25,4162600.75
38,33.00,725452.38,4162599.11
38,34.00,725450.75,4162598.75
38,35.00,725448.25,4162597.25
38,36.00,725445.25,4162595.75
38,37.00,725442.25,4162593.75
38,38.00,725438.75,4162591.25
38,39.00,725435.75,4162589.25
38,40.00,725432.75,4162587.75
38,41.00,725430.25,4162585.25
38,42.00,725426.75,4162583.25
38,43.00,725420.75,4162579.25
38,44.00,725417.75,4162577.25
38,45.00,725414.25,4162575.25
38,46.00,725411.25,4162572.75
38,47.00,725408.25,4162569.75
39,1.00,725532.75,4162649.25
39,2.00,725529.75,4162647.75
39,3.00,725527.75,4162645.75
39,4.00,725524.75,4162643.25
39,5.00,725521.75,4162641.25
39,6.00,725520.25,4162640.75
39,7.00,725518.75,4162639.25
39,8.00,725517.11,4162638.26
39,9.00,725515.25,4162637.25
39,10.00,725514.25,4162636.25
39,11.00,725512.30,4162635.35
39,12.00,725510.75,4162633.75
39,13.00,725507.75,4162631.75
39,14.00,725505.75,4162631.25
39,15.00,725501.75,4162628.25
39,16.00,725500.25,4162626.75
39,17.00,725499.25,4162625.75
39,18.00,725495.75,4162624.25
39,19.00,725494.25,4162622.75
39,20.00,725492.75,4162621.75
39,21.00,725489.75,4162619.75
39,22.00,725488.25,4162619.25
39,23.00,725486.25,4162618.25
39,24.00,725484.88,4162617.12
39,25.00,725483.25,4162615.75
39,26.00,725480.25,4162613.75
39,27.00,725477.25,4162612.25
39,28.00,725475.66,4162610.53
39,29.00,725474.25,4162610.25
39,30.00,725472.56,4162608.46
39,31.00,725468.25,4162605.75
39,32.00,725466.60,4162605.53
39,33.00,725464.75,4162604.25
39,34.00,725463.25,4162602.75
39,35.00,725461.75,4162602.25
39,36.00,725459.25,4162600.25
39,37.00,725457.25,4162598.75
39,38.00,725452.75,4162596.25
39,39.00,725450.25,4162595.25
39,40.00,725447.25,4162592.75
39,41.00,725443.75,4162590.75
39,42.00,725441.25,4162588.75
39,43.00,725437.75,4162587.25
39,44.00,725435.25,4162585.25
39,45.00,725432.25,4162582.75
39,46.00,725429.25,4162580.75
39,47.00,725425.75,4162578.75
39,48.00,725422.75,4162576.75
39,49.00,725419.25,4162574.75
39,50.00,725416.75,4162572.75
39,51.00,725411.75,4162570.75
40,1.00,725528.75,4162643.75
40,2.00,725526.75,4162640.75
40,3.00,725524.25,4162639.75
40,4.00,725519.75,4162636.75
40,5.00,725516.75,4162634.75
40,6.00,725515.75,4162633.75
40,7.00,725512.75,4162631.75
40,8.00,725511.25,4162630.75
40,9.00,725508.75,4162628.25
40,10.00,725506.75,4162627.75
40,11.00,725503.75,4162625.25
40,12.00,725501.75,4162623.75
40,13.00,725498.75,4162622.75
40,14.00,725497.25,4162621.75
40,15.00,725495.75,4162620.25
40,16.00,725492.75,4162618.75
40,17.00,725491.25,4162617.25
40,18.00,725489.75,4162616.25
40,19.00,725487.75,4162615.25
40,20.00,725480.25,4162610.25
40,21.00,725478.75,4162608.75
40,22.00,725475.75,4162607.75
40,23.00,725472.25,4162605.75
40,24.00,725469.67,4162603.65
40,25.00,725468.25,4162602.75
40,26.00,725466.75,4162601.75
40,27.00,725464.75,4162600.76
40,28.00,725463.75,4162599.75
40,29.00,725460.75,4162597.75
40,30.00,725458.75,4162596.75
40,31.00,725457.25,4162595.75
40,32.00,725455.75,4162593.75
40,33.00,725453.93,4162593.78
40,34.00,725451.75,4162592.25
40,35.00,725448.75,4162590.25
40,36.00,725445.75,4162588.75
40,37.00,725443.25,4162586.25
40,38.00,725439.25,4162584.25
40,39.00,725436.25,4162582.75
40,40.00,725433.25,4162580.25
40,41.00,725430.25,4162577.75
40,42.00,725427.25,4162576.25
40,43.00,725414.26,4162567.21
40,44.00,725412.75,4162567.75
41,1.00,725533.25,4162643.25
41,2.00,725534.25,4162641.25
41,3.00,725532.25,4162639.25
41,4.00,725527.75,4162638.25
41,5.00,725524.75,4162636.25
41,6.00,725523.74,4162634.88
41,7.00,725522.25,4162634.25
41,8.00,725520.53,4162633.41
41,9.00,725517.25,4162631.25
41,10.00,725515.75,4162629.75
41,11.00,725513.25,4162628.25
41,12.00,725511.30,4162627.31
41,13.00,725510.25,4162625.75
41,14.00,725506.75,4162624.25
41,15.00,725504.75,4162622.75
41,16.00,725503.75,4162624.00
41,17.00,725500.75,4162619.75
41,18.00,725497.75,4162617.75
41,19.00,725496.25,4162617.25
41,20.00,725494.75,4162615.75
41,21.00,725492.75,4162614.25
41,22.00,725490.25,4162613.25
41,23.00,725487.25,4162611.25
41,24.00,725483.75,4162609.25
41,25.00,725480.75,4162607.25
41,26.00,725477.75,4162605.25
41,27.00,725474.75,4162603.25
41,28.00,725469.25,4162599.25
41,29.00,725465.75,4162597.25
41,30.00,725462.75,4162595.25
41,31.00,725457.98,4162591.28
41,32.00,725456.25,4162591.75
41,33.00,725453.25,4162589.75
41,34.00,725450.25,4162588.25
41,35.00,725447.25,4162586.25
41,36.00,725444.25,4162583.75
41,37.00,725437.75,4162580.25
41,38.00,725435.75,4162577.75
41,39.00,725431.75,4162576.25
41,40.00,725429.25,4162573.75
41,41.00,725425.75,4162571.75
41,42.00,725422.75,4162569.75
41,43.00,725415.31,4162563.78
41,44.00,725414.25,4162565.25
42,1.00,725536.25,4162637.75
42,2.00,725529.25,4162635.75
42,3.00,725526.75,4162633.75
42,4.00,725524.75,4162632.75
42,5.00,725520.25,4162629.75
42,6.00,725518.75,4162628.25
42,7.00,725516.25,4162626.75
42,8.00,725513.25,4162624.75
42,9.00,725511.75,4162623.75
42,10.00,725510.25,4162622.25
42,11.00,725508.25,4162621.25
42,12.00,725505.75,4162619.25
42,13.00,725504.19,4162618.26
42,14.00,725502.75,4162617.25
42,15.00,725500.75,4162616.25
42,16.00,725497.75,4162614.75
42,17.00,725494.75,4162612.25
42,18.00,725492.25,4162610.75
42,19.00,725488.75,4162609.25
42,20.00,725485.75,4162606.75
42,21.00,725482.75,4162604.75
42,22.00,725479.25,4162602.75
42,23.00,725476.75,4162600.75
42,24.00,725473.25,4162599.25
42,25.00,725470.25,4162596.75
42,26.00,725467.25,4162594.75
42,27.00,725464.25,4162592.75
42,28.00,725457.75,4162589.25
42,29.00,725454.75,4162587.25
42,30.00,725451.75,4162585.25
42,31.00,725448.75,4162583.25
42,32.00,725446.25,4162581.25
42,33.00,725442.25,4162578.75
42,34.00,725436.75,4162575.25
42,35.00,725433.25,4162573.25
42,36.00,725432.09,4162571.74
42,37.00,725430.75,4162570.75
42,38.00,725429.35,4162570.46
42,39.00,725427.25,4162569.25
42,40.00,725424.25,4162567.25
42,41.00,725421.25,4162565.25
42,42.00,725417.75,4162560.75
43,1.00,725534.25,4162634.25
43,2.00,725532.47,4162631.89
43,3.00,725530.25,4162632.25
43,4.00,725528.25,4162631.25
43,5.00,725526.75,4162630.25
43,6.00,725525.11,4162629.33
43,7.00,725522.75,4162627.25
43,8.00,725520.25,4162626.25
43,9.00,725520.43,4162624.03
43,10.00,725517.91,4162623.76
43,11.00,725516.31,4162623.39
43,12.00,725514.75,4162622.25
43,13.00,725513.25,4162621.25
43,14.00,725511.75,4162620.25
43,15.00,725509.75,4162618.75
43,16.00,725508.25,4162618.25
43,17.00,725506.25,4162616.25
43,18.00,725503.75,4162615.25
43,19.00,725502.75,4162613.75
43,20.00,725499.75,4162612.25
43,21.00,725493.75,4162608.25
43,22.00,725490.25,4162606.75
43,23.00,725484.25,4162602.25
43,24.00,725480.75,4162600.25
43,25.00,725478.25,4162598.25
43,26.00,725475.25,4162596.75
43,27.00,725471.75,4162594.75
43,28.00,725469.25,4162592.25
43,29.00,725465.75,4162590.75
43,30.00,725462.75,4162588.75
43,31.00,725459.75,4162586.25
43,32.00,725456.75,4162584.75
43,33.00,725453.75,4162582.75
43,34.00,725450.75,4162580.75
43,35.00,725447.25,4162578.75
43,36.00,725444.25,4162576.75
43,37.00,725441.25,4162575.25
43,38.00,725438.75,4162572.75
43,39.00,725435.75,4162570.25
43,40.00,725432.25,4162568.75
43,41.00,725429.25,4162566.75
43,42.00,725426.25,4162564.75
43,43.00,725423.25,4162562.75
44,1.00,725538.25,4162634.25
44,2.00,725535.30,4162632.02
44,3.00,725532.34,4162629.50
44,4.00,725529.75,4162628.75
44,5.00,725526.75,4162626.75
44,6.00,725525.75,4162625.75
44,7.00,725523.75,4162624.75
44,8.00,725522.25,4162623.25
44,9.00,725519.75,4162621.75
44,10.00,725517.75,4162620.75
44,11.00,725514.75,4162618.75
44,12.00,725513.13,4162617.67
44,13.00,725511.75,4162616.75
44,14.00,725510.25,4162615.75
44,15.00,725508.25,4162614.75
44,16.00,725507.25,4162612.75
44,17.00,725505.75,4162612.25
44,18.00,725502.75,4162610.25
44,19.00,725499.25,4162608.75
44,20.00,725497.75,4162607.25
44,21.00,725495.25,4162605.25
44,22.00,725491.75,4162603.75
44,23.00,725488.75,4162601.75
44,24.00,725485.75,4162599.75
44,25.00,725479.75,4162596.25
44,26.00,725476.75,4162593.75
44,27.00,725473.25,4162592.25
44,28.00,725470.25,4162589.75
44,29.00,725466.75,4162587.75
44,30.00,725464.25,4162586.25
44,31.00,725462.98,4162585.57
44,32.00,725461.16,4162585.25
44,33.00,725458.49,4162582.25
44,34.00,725455.25,4162580.25
44,35.00,725452.25,4162578.25
44,36.00,725449.75,4162576.25
44,37.00,725446.25,4162574.25
44,38.00,725443.25,4162572.25
44,39.00,725439.75,4162570.25
44,40.00,725436.75,4162568.25
44,41.00,725434.73,4162565.84
44,42.00,725430.75,4162564.25
44,43.00,725427.75,4162562.25
44,44.00,725424.25,4162559.75
44,45.00,725420.25,4162558.25
45,1.00,725534.25,4162628.75
45,2.00,725532.75,4162627.25
45,3.00,725529.75,4162625.25
45,4.00,725528.27,4162624.04
45,5.00,725525.25,4162622.25
45,6.00,725522.25,4162619.75
45,7.00,725519.25,4162618.25
45,8.00,725516.25,4162616.25
45,9.00,725513.26,4162614.30
45,10.00,725511.75,4162613.25
45,11.00,725510.25,4162611.75
45,12.00,725507.25,4162609.75
45,13.00,725502.75,4162606.75
45,14.00,725500.75,4162605.75
45,15.00,725499.25,4162604.75
45,16.00,725497.25,4162602.75
45,17.00,725493.75,4162601.25
45,18.00,725490.25,4162599.25
45,19.00,725487.25,4162597.25
45,20.00,725484.75,4162594.75
45,21.00,725481.25,4162593.25
45,22.00,725478.25,4162591.25
45,23.00,725475.25,4162589.25
45,24.00,725472.25,4162587.25
45,25.00,725469.25,4162585.25
45,26.00,725465.75,4162583.75
45,27.00,725462.75,4162581.25
45,28.00,725459.75,4162580.25
45,29.00,725457.25,4162577.75
45,30.00,725454.25,4162575.75
45,31.00,725450.75,4162573.75
45,32.00,725447.75,4162571.75
45,33.00,725444.75,4162569.75
45,34.00,725441.75,4162567.25
45,35.00,725438.75,4162565.25
45,36.00,725435.75,4162563.25
45,37.00,725432.25,4162561.75
45,38.00,725426.75,4162557.25
45,39.00,725423.25,4162554.75
45,40.00,725422.25,4162555.75
46,1.00,725541.25,4162629.25
46,2.00,725534.75,4162625.25
46,3.00,725533.40,4162622.75
46,4.00,725531.25,4162622.75
46,5.00,725528.25,4162620.75
46,6.00,725525.25,4162618.25
46,7.00,725522.62,4162616.52
46,8.00,725520.75,4162615.75
46,9.00,725519.25,4162614.25
46,10.00,725516.75,4162612.25
46,11.00,725515.25,4162611.25
46,12.00,725513.25,4162610.25
46,13.00,725511.75,4162609.25
46,14.00,725508.75,4162607.25
46,15.00,725507.18,4162606.16
46,16.00,725506.25,4162605.25
46,17.00,725504.81,4162604.63
46,18.00,725502.75,4162603.25
46,19.00,725501.25,4162602.25
46,20.00,725498.75,4162600.75
46,21.00,725495.25,4162598.25
46,22.00,725492.25,4162596.75
46,23.00,725488.75,4162594.75
46,24.00,725486.75,4162592.25
46,25.00,725483.25,4162590.75
46,26.00,725479.75,4162588.75
46,27.00,725476.75,4162586.75
46,28.00,725473.75,4162584.75
46,29.00,725470.25,4162583.25
46,30.00,725466.75,4162580.75
46,31.00,725464.25,4162578.75
46,32.00,725462.09,4162576.08
46,33.00,725461.25,4162577.25
46,34.00,725457.75,4162574.75
46,35.00,725455.25,4162572.75
46,36.00,725452.25,4162570.75
46,37.00,725449.25,4162568.75
46,38.00,725440.25,4162562.75
46,39.00,725437.25,4162560.25
46,40.00,725433.75,4162558.75
46,41.00,725428.25,4162554.75
46,42.00,725425.25,4162551.75
46,43.00,725421.75,4162550.75
47,1.00,725542.25,4162623.75
47,2.00,725538.75,4162623.25
47,3.00,725534.75,4162620.75
47,4.00,725531.75,4162618.75
47,5.00,725529.25,4162616.75
47,6.00,725524.75,4162614.25
47,7.00,725522.75,4162612.75
47,8.00,725521.25,4162611.75
47,9.00,725519.39,4162610.35
47,10.00,725516.75,4162608.75
47,11.00,725515.25,4162607.75
47,12.00,725513.25,4162606.25
47,13.00,725511.25,4162604.25
47,14.00,725509.29,4162603.32
47,15.00,725507.75,4162602.75
47,16.00,725506.25,4162601.75
47,17.00,725504.25,4162600.75
47,18.00,725503.25,4162599.75
47,19.00,725500.25,4162597.75
47,20.00,725499.06,4162596.13
47,21.00,725497.75,4162596.75
47,22.00,725496.75,4162595.25
47,23.00,725494.75,4162594.25
47,24.00,725491.25,4162592.25
47,25.00,725488.25,4162589.75
47,26.00,725484.75,4162588.25
47,27.00,725482.25,4162585.75
47,28.00,725478.75,4162584.25
47,29.00,725475.75,4162581.75
47,30.00,725472.75,4162580.25
47,31.00,725469.75,4162578.25
47,32.00,725468.42,4162578.18
47,33.00,725466.25,4162576.75
47,34.00,725463.25,4162574.25
47,35.00,725460.25,4162572.75
47,36.00,725457.25,4162570.25
47,37.00,725454.75,4162568.25
47,38.00,725451.25,4162566.75
47,39.00,725448.25,4162564.75
47,40.00,725445.25,4162562.25
47,41.00,725442.25,4162560.25
47,42.00,725438.75,4162558.75
47,43.00,725429.75,4162552.25
48,1.00,725546.39,4162625.62
48,2.00,725545.25,4162623.75
48,3.00,725542.75,4162621.75
48,4.00,725539.75,4162620.75
48,5.00,725537.20,4162619.36
48,6.00,725536.22,4162618.55
48,7.00,725534.78,4162617.43
48,8.00,725533.25,4162616.25
48,9.00,725530.25,4162614.75
48,10.00,725528.75,4162613.25
48,11.00,725527.25,4162612.25
48,12.00,725524.25,4162610.25
48,13.00,725522.84,4162609.35
48,14.00,725521.25,4162608.25
48,15.00,725518.25,4162606.25
48,16.00,725516.75,4162605.25
48,17.00,725515.25,4162604.25
48,18.00,725513.75,4162603.25
48,19.00,725511.75,4162602.25
48,20.00,725509.25,4162600.25
48,21.00,725506.25,4162598.25
48,22.00,725504.25,4162597.25
48,23.00,725502.25,4162595.25
48,24.00,725498.06,4162594.60
48,25.00,725498.75,4162593.25
48,26.00,725495.75,4162591.25
48,27.00,725492.75,4162589.25
48,28.00,725490.25,4162586.75
48,29.00,725486.75,4162585.25
48,30.00,725480.75,4162581.25
48,31.00,725477.25,4162579.75
48,32.00,725474.25,4162577.25
48,33.00,725468.75,4162573.25
48,34.00,725465.25,4162572.25
48,35.00,725461.75,4162569.75
48,36.00,725458.75,4162568.25
48,37.00,725452.75,4162563.75
48,38.00,725443.25,4162557.75
48,39.00,725437.25,4162553.25
48,40.00,725434.25,4162551.75
48,41.00,725431.25,4162549.25
48,42.00,725424.75,4162546.25
49,1.00,725547.25,4162620.75
49,2.00,725544.62,4162619.96
49,3.00,725539.75,4162617.25
49,4.00,725538.25,4162616.25
49,5.00,725535.75,4162613.25
49,6.00,725533.87,4162613.33
49,7.00,725532.75,4162612.25
49,8.00,725531.25,4162610.75
49,9.00,725529.25,4162610.25
49,10.00,725527.75,4162609.25
49,11.00,725524.75,4162606.75
49,12.00,725523.25,4162605.75
49,13.00,725520.75,4162603.75
49,14.00,725518.75,4162602.75
49,15.00,725515.25,4162601.25
49,16.00,725513.75,4162599.75
49,17.00,725512.75,4162598.75
49,18.00,725509.25,4162596.75
49,19.00,725507.75,4162595.75
49,20.00,725503.75,4162592.75
49,21.00,725501.25,4162590.25
49,22.00,725494.75,4162586.75
49,23.00,725491.25,4162584.75
49,24.00,725487.75,4162583.25
49,25.00,725485.25,4162581.25
49,26.00,725475.75,4162575.25
49,27.00,725472.75,4162573.75
49,28.00,725469.75,4162571.25
49,29.00,725466.75,4162569.25
49,30.00,725463.25,4162567.25
49,31.00,725460.25,4162565.25
49,32.00,725457.75,4162563.25
49,33.00,725454.25,4162561.25
49,34.00,725450.75,4162559.25
49,35.00,725444.75,4162555.25
49,36.00,725441.75,4162552.75
49,37.00,725439.25,4162550.75
49,38.00,725435.75,4162549.25
49,39.00,725433.25,4162547.25
49,40.00,725428.75,4162545.75
49,41.00,725425.66,4162543.50
50,1.00,725549.05,4162619.76
50,2.00,725543.25,4162615.75
50,3.00,725541.25,4162614.25
50,4.00,725539.81,4162613.25
50,5.00,725538.25,4162612.25
50,6.00,725535.75,4162610.25
50,7.00,725533.75,4162609.25
50,8.00,725532.25,4162607.25
50,9.00,725529.25,4162605.75
50,10.00,725526.25,4162603.75
50,11.00,725523.75,4162602.25
50,12.00,725521.82,4162600.96
50,13.00,725520.75,4162600.25
50,14.00,725518.75,4162599.25
50,15.00,725517.75,4162598.25
50,16.00,725515.25,4162597.25
50,17.00,725512.75,4162594.75
50,18.00,725509.25,4162592.75
50,19.00,725507.75,4162591.75
50,20.00,725504.45,4162591.39
50,21.00,725505.25,4162589.75
50,22.00,725502.25,4162587.75
50,23.00,725495.75,4162584.25
50,24.00,725492.75,4162582.25
50,25.00,725490.25,4162580.25
50,26.00,725486.75,4162578.75
50,27.00,725483.75,4162576.75
50,28.00,725480.75,4162575.25
50,29.00,725477.25,4162572.75
50,30.00,725471.75,4162568.75
50,31.00,725468.25,4162566.75
50,32.00,725462.75,4162562.75
50,33.00,725458.75,4162560.75
50,34.00,725455.75,4162558.75
50,35.00,725452.75,4162557.25
50,36.00,725449.75,4162554.75
50,37.00,725446.75,4162553.25
50,38.00,725440.25,4162548.75
50,39.00,725434.75,4162544.75
50,40.00,725428.25,4162541.25
51,1.00,725544.75,4162613.25
51,2.00,725543.75,4162611.25
51,3.00,725541.75,4162610.25
51,4.00,725538.75,4162608.75
51,5.00,725537.25,4162607.75
51,6.00,725535.75,4162606.75
51,7.00,725532.88,4162604.77
51,8.00,725531.42,4162603.94
51,9.00,725529.75,4162602.75
51,10.00,725526.75,4162600.75
51,11.00,725523.36,4162599.06
51,12.00,725521.75,4162597.75
51,13.00,725520.40,4162596.52
51,14.00,725518.80,4162595.57
51,15.00,725517.25,4162594.75
51,16.00,725515.70,4162593.65
51,17.00,725514.75,4162592.75
51,18.00,725513.25,4162591.75
51,19.00,725510.75,4162590.75
51,20.00,725507.25,4162587.75
51,21.00,725503.75,4162585.75
51,22.00,725500.33,4162582.30
51,23.00,725498.25,4162581.25
51,24.00,725497.19,4162582.26
51,25.00,725494.75,4162580.25
51,26.00,725491.75,4162578.25
51,27.00,725488.25,4162576.25
51,28.00,725485.75,4162574.25
51,29.00,725482.25,4162572.75
51,30.00,725479.25,4162570.25
51,31.00,725476.25,4162568.75
51,32.00,725472.75,4162566.75
51,33.00,725471.18,4162563.33
51,34.00,725470.25,4162564.75
51,35.00,725467.25,4162562.75
51,36.00,725464.25,4162560.25
51,37.00,725461.25,4162558.25
51,38.00,725457.75,4162556.25
51,39.00,725454.75,4162554.75
51,40.00,725451.75,4162552.25
51,41.00,725449.25,4162550.25
51,42.00,725445.75,4162548.75
51,43.00,725442.75,4162546.25
51,44.00,725439.75,4162544.25
51,45.00,725436.75,4162541.75
51,46.00,725431.75,4162540.75
51,47.00,725429.75,4162537.75
52,1.00,725553.50,4162613.85
52,2.00,725550.25,4162613.25
52,3.00,725546.25,4162610.25
52,4.00,725543.75,4162608.25
52,5.00,725541.75,4162607.25
52,6.00,725539.75,4162606.25
52,7.00,725537.11,4162604.31
52,8.00,725535.25,4162604.25
52,9.00,725531.75,4162601.75
52,10.00,725528.25,4162598.25
52,11.00,725526.33,4162597.18
52,12.00,725523.25,4162595.25
52,13.00,725521.75,4162594.25
52,14.00,725519.25,4162592.25
52,15.00,725517.25,4162591.25
52,16.00,725515.75,4162590.25
52,17.00,725514.25,4162589.25
52,18.00,725512.75,4162588.75
52,19.00,725510.75,4162586.75
52,20.00,725508.75,4162585.75
52,21.00,725505.75,4162583.75
52,22.00,725502.25,4162581.75
52,23.00,725499.75,4162579.75
52,24.00,725496.25,4162577.25
52,25.00,725493.25,4162576.25
52,26.00,725489.75,4162574.25
52,27.00,725486.75,4162571.25
52,28.00,725480.78,4162567.83
52,29.00,725477.75,4162565.75
52,30.00,725474.75,4162563.75
52,31.00,725471.75,4162562.25
52,32.00,725469.25,4162559.25
52,33.00,725468.25,4162559.75
52,34.00,725459.75,4162553.75
52,35.00,725453.75,4162550.25
52,36.00,725454.16,4162548.98
52,37.00,725450.25,4162548.25
52,38.00,725447.25,4162545.75
52,39.00,725444.25,4162543.75
52,40.00,725441.75,4162541.75
52,41.00,725437.75,4162540.25
52,42.00,725434.25,4162537.25
53,1.00,725546.25,4162606.75
53,2.00,725544.25,4162606.25
53,3.00,725542.39,4162603.81
53,4.00,725540.25,4162603.25
53,5.00,725535.75,4162599.75
53,6.00,725532.75,4162597.75
53,7.00,725528.86,4162596.57
53,8.00,725527.75,4162594.75
53,9.00,725525.25,4162593.25
53,10.00,725523.75,4162591.75
53,11.00,725520.75,4162589.75
53,12.00,725519.25,4162588.75
53,13.00,725517.25,4162587.75
53,14.00,725514.75,4162585.75
53,15.00,725512.75,4162584.75
53,16.00,725510.75,4162583.25
53,17.00,725509.25,4162582.75
53,18.00,725506.76,4162580.51
53,19.00,725504.75,4162579.75
53,20.00,725503.25,4162578.25
53,21.00,725502.45,4162577.46
53,22.00,725500.25,4162576.75
53,23.00,725497.38,4162574.64
53,24.00,725495.75,4162573.75
53,25.00,725493.75,4162572.25
53,26.00,725492.75,4162571.25
53,27.00,725491.25,4162570.75
53,28.00,725489.75,4162569.75
53,29.00,725487.75,4162568.75
53,30.00,725486.25,4162568.25
53,31.00,725484.75,4162566.75
53,32.00,725483.26,4162566.05
53,33.00,725481.75,4162564.75
53,34.00,725480.25,4162563.25
53,35.00,725479.47,4162562.61
53,36.00,725476.75,4162562.25
53,37.00,725475.75,4162560.75
53,38.00,725473.75,4162559.75
53,39.00,725470.25,4162557.25
53,40.00,725467.25,4162555.25
53,41.00,725464.25,4162553.75
53,42.00,725462.34,4162550.84
53,43.00,725461.25,4162551.25
53,44.00,725458.25,4162549.25
53,45.00,725458.84,4162548.11
53,46.00,725455.25,4162546.75
53,47.00,725451.75,4162545.25
53,48.00,725448.75,4162543.25
53,49.00,725446.75,4162541.25
53,50.00,725442.75,4162539.25
53,51.00,725439.75,4162537.25
53,52.00,725436.25,4162533.75
54,1.00,725555.25,4162609.25
54,2.00,725549.25,4162605.75
54,3.00,725546.25,4162603.75
54,4.00,725544.25,4162602.75
54,5.00,725542.51,4162601.54
54,6.00,725540.25,4162599.75
54,7.00,725538.75,4162598.25
54,8.00,725535.75,4162596.75
54,9.00,725532.75,4162594.75
54,10.00,725530.50,4162593.36
54,11.00,725528.25,4162591.25
54,12.00,725526.75,4162589.75
54,13.00,725523.75,4162588.25
54,14.00,725522.25,4162586.75
54,15.00,725518.75,4162585.25
54,16.00,725515.75,4162583.25
54,17.00,725512.75,4162580.75
54,18.00,725511.25,4162580.25
54,19.00,725509.75,4162578.75
54,20.00,725506.75,4162577.25
54,21.00,725505.25,4162576.25
54,22.00,725503.25,4162575.25
54,23.00,725501.75,4162574.25
54,24.00,725498.25,4162572.75
54,25.00,725497.39,4162570.62
54,26.00,725494.75,4162568.75
54,27.00,725492.25,4162567.75
54,28.00,725491.25,4162567.25
54,29.00,725489.75,4162566.25
54,30.00,725486.46,4162564.22
54,31.00,725484.75,4162563.25
54,32.00,725483.25,4162562.25
54,33.00,725480.25,4162560.25
54,34.00,725478.28,4162560.57
54,35.00,725478.75,4162558.75
54,36.00,725474.75,4162556.75
54,37.00,725472.25,4162554.75
54,38.00,725469.25,4162552.75
54,39.00,725465.75,4162551.25
54,40.00,725463.25,4162548.75
54,41.00,725459.88,4162546.82
54,42.00,725456.75,4162544.75
54,43.00,725453.75,4162543.25
54,44.00,725450.25,4162540.75
54,45.00,725447.75,4162538.75
54,46.00,725444.25,4162536.75
54,47.00,725441.75,4162534.25
54,48.00,725440.80,4162535.42
54,49.00,725437.25,4162531.75
55,1.00,725551.25,4162603.25
55,2.00,725548.25,4162601.25
55,3.00,725543.25,4162597.75
55,4.00,725540.75,4162595.75
55,5.00,725538.75,4162594.75
55,6.00,725536.13,4162593.06
55,7.00,725534.25,4162591.75
55,8.00,725532.75,4162590.75
55,9.00,725531.25,4162589.75
55,10.00,725529.75,4162588.75
55,11.00,725528.25,4162587.75
55,12.00,725526.75,4162586.75
55,13.00,725525.25,4162585.75
55,14.00,725523.83,4162584.86
55,15.00,725522.25,4162583.75
55,16.00,725520.75,4162582.25
55,17.00,725517.75,4162580.25
55,18.00,725515.75,4162579.25
55,19.00,725513.25,4162577.75
55,20.00,725511.25,4162576.75
55,21.00,725508.75,4162574.75
55,22.00,725507.25,4162575.75
55,23.00,725506.75,4162573.75
55,24.00,725505.25,4162572.75
55,25.00,725503.75,4162571.75
55,26.00,725502.37,4162570.72
55,27.00,725499.75,4162568.75
55,28.00,725497.25,4162567.25
55,29.00,725495.40,4162567.29
55,30.00,725493.14,4162564.80
55,31.00,725491.89,4162562.94
55,32.00,725491.25,4162563.75
55,33.00,725489.75,4162562.75
55,34.00,725487.25,4162560.25
55,35.00,725485.51,4162559.71
55,36.00,725483.75,4162558.75
55,37.00,725482.25,4162557.75
55,38.00,725480.25,4162556.25
55,39.00,725476.75,4162553.75
55,40.00,725474.40,4162551.30
55,41.00,725470.75,4162549.75
55,42.00,725467.75,4162548.25
55,43.00,725464.25,4162546.25
55,44.00,725461.25,4162544.25
55,45.00,725458.25,4162542.75
55,46.00,725455.25,4162540.25
55,47.00,725452.25,4162538.25
55,48.00,725449.75,4162536.25
55,49.00,725446.25,4162534.25
55,50.00,725442.75,4162532.25
56,1.00,725562.75,4162604.25
56,2.00,725559.25,4162603.75
56,3.00,725555.75,4162602.25
56,4.00,725553.25,4162600.25
56,5.00,725551.75,4162598.75
56,6.00,725549.75,4162598.25
56,7.00,725547.25,4162596.25
56,8.00,725545.25,4162595.25
56,9.00,725543.75,4162594.25
56,10.00,725542.25,4162593.25
56,11.00,725540.25,4162592.25
56,12.00,725539.25,4162590.75
56,13.00,725537.85,4162588.62
56,14.00,725536.20,4162589.67
56,15.00,725534.75,4162587.75
56,16.00,725533.40,4162587.08
56,17.00,725532.25,4162586.25
56,18.00,725530.25,4162585.25
56,19.00,725528.75,4162584.25
56,20.00,725525.25,4162581.75
56,21.00,725522.25,4162580.25
56,22.00,725520.75,4162578.75
56,23.00,725517.75,4162577.25
56,24.00,725515.75,4162576.25
56,25.00,725512.75,4162574.25
56,26.00,725509.75,4162571.75
56,27.00,725508.35,4162570.97
56,28.00,725507.25,4162569.75
56,29.00,725505.25,4162569.25
56,30.00,725503.25,4162568.25
56,31.00,725502.25,4162566.75
56,32.00,725500.75,4162565.75
56,33.00,725498.75,4162565.25
56,34.00,725497.57,4162564.09
56,35.00,725496.25,4162562.75
56,36.00,725494.75,4162562.25
56,37.00,725493.25,4162561.25
56,38.00,725491.25,4162560.25
56,39.00,725489.75,4162559.25
56,40.00,725488.34,4162558.34
56,41.00,725486.75,4162557.25
56,42.00,725484.75,4162556.25
56,43.00,725483.75,4162555.75
56,44.00,725481.98,4162553.96
56,45.00,725480.25,4162553.25
56,46.00,725478.25,4162551.75
56,47.00,725475.25,4162549.75
56,48.00,725471.75,4162547.75
56,49.00,725468.75,4162546.25
56,50.00,725466.25,4162544.25
56,51.00,725463.25,4162541.75
56,52.00,725459.67,4162541.16
56,53.00,725460.25,4162539.75
56,54.00,725457.25,4162537.75
56,55.00,725454.25,4162535.75
56,56.00,725450.75,4162533.25
56,57.00,725447.75,4162531.75
56,58.00,725444.75,4162529.25
56,59.00,725441.25,4162526.75
56,60.00,725437.75,4162526.25
57,1.00,725555.25,4162597.75
57,2.00,725551.25,4162595.75
57,3.00,725547.25,4162592.25
57,4.00,725545.25,4162591.75
57,5.00,725542.75,4162589.25
57,6.00,725539.25,4162587.75
57,7.00,725537.25,4162586.25
57,8.00,725534.75,4162584.75
57,9.00,725533.25,4162583.25
57,10.00,725530.75,4162581.75
57,11.00,725527.25,4162579.75
57,12.00,725525.37,4162578.94
57,13.00,725523.75,4162577.75
57,14.00,725521.25,4162575.25
57,15.00,725519.75,4162574.25
57,16.00,725517.75,4162573.75
57,17.00,725515.75,4162572.25
57,18.00,725513.25,4162570.25
57,19.00,725509.75,4162568.25
57,20.00,725507.25,4162566.75
57,21.00,725504.25,4162564.25
57,22.00,725500.75,4162562.25
57,23.00,725499.27,4162561.87
57,24.00,725497.75,4162560.75
57,25.00,725496.25,4162559.75
57,26.00,725494.57,4162558.35
57,27.00,725491.25,4162556.75
57,28.00,725489.96,4162555.69
57,29.00,725488.75,4162554.75
57,30.00,725486.75,4162553.75
57,31.00,725484.75,4162552.25
57,32.00,725483.75,4162551.75
57,33.00,725482.75,4162551.25
57,34.00,725481.75,4162550.75
57,35.00,725479.75,4162549.25
57,36.00,725477.25,4162547.25
57,37.00,725474.25,4162545.25
57,38.00,725470.75,4162543.25
57,39.00,725468.25,4162541.25
57,40.00,725465.25,4162539.25
57,41.00,725461.75,4162536.75
57,42.00,725458.75,4162535.25
57,43.00,725455.75,4162532.75
57,44.00,725452.75,4162530.75
57,45.00,725449.75,4162529.25
57,46.00,725446.75,4162527.25
58,1.00,725563.95,4162599.97
58,2.00,725561.25,4162599.25
58,3.00,725556.25,4162595.25
58,4.00,725554.75,4162593.75
58,5.00,725552.25,4162593.25
58,6.00,725549.75,4162591.25
58,7.00,725546.75,4162589.25
58,8.00,725545.25,4162588.25
58,9.00,725543.75,4162586.75
58,10.00,725541.27,4162587.08
58,11.00,725540.75,4162585.25
58,12.00,725538.75,4162584.25
58,13.00,725537.75,4162582.25
58,14.00,725535.75,4162582.25
58,15.00,725533.25,4162579.75
58,16.00,725531.75,4162578.75
58,17.00,725530.25,4162577.75
58,18.00,725528.75,4162576.75
58,19.00,725527.25,4162575.75
58,20.00,725525.47,4162575.21
58,21.00,725522.25,4162572.75
58,22.00,725519.75,4162570.75
58,23.00,725518.25,4162570.25
58,24.00,725517.25,4162569.25
58,25.00,725515.18,4162567.96
58,26.00,725513.75,4162566.75
58,27.00,725510.63,4162565.22
58,28.00,725509.25,4162563.75
58,29.00,725507.25,4162563.25
58,30.00,725505.31,4162561.93
58,31.00,725503.75,4162560.75
58,32.00,725500.75,4162559.25
58,33.00,725497.75,4162557.25
58,34.00,725496.25,4162556.25
58,35.00,725492.25,4162553.25
58,36.00,725490.75,4162552.25
58,37.00,725488.75,4162551.25
58,38.00,725487.25,4162550.75
58,39.00,725484.25,4162548.25
58,40.00,725481.75,4162546.75
58,41.00,725475.75,4162542.75
58,42.00,725472.25,4162540.75
58,43.00,725466.75,4162536.75
58,44.00,725463.25,4162534.75
58,45.00,725457.25,4162530.75
58,46.00,725454.25,4162528.25
58,47.00,725451.25,4162526.25
58,48.00,725448.25,4162524.25
58,49.00,725444.25,4162520.75
59,1.00,725563.75,4162595.75
59,2.00,725558.25,4162592.75
59,3.00,725558.15,4162590.88
59,4.00,725556.41,4162591.16
59,5.00,725554.75,4162590.25
59,6.00,725551.25,4162588.75
59,7.00,725548.75,4162586.75
59,8.00,725546.61,4162585.32
59,9.00,725545.25,4162584.25
59,10.00,725541.25,4162581.25
59,11.00,725539.25,4162580.75
59,12.00,725537.75,4162579.75
59,13.00,725536.25,4162578.75
59,14.00,725535.25,4162577.75
59,15.00,725531.75,4162575.25
59,16.00,725530.25,4162574.25
59,17.00,725528.76,4162573.30
59,18.00,725525.75,4162571.25
59,19.00,725522.75,4162569.25
59,20.00,725516.59,4162565.42
59,21.00,725513.75,4162563.75
59,22.00,725512.40,4162562.53
59,23.00,725510.75,4162561.75
59,24.00,725508.75,4162560.75
59,25.00,725507.25,4162559.75
59,26.00,725505.75,4162558.75
59,27.00,725504.25,4162557.75
59,28.00,725502.36,4162556.81
59,29.00,725499.75,4162554.75
59,30.00,725498.25,4162553.75
59,31.00,725494.75,4162552.25
59,32.00,725492.25,4162549.75
59,33.00,725490.83,4162548.92
59,34.00,725487.25,4162547.25
59,35.00,725485.47,4162544.77
59,36.00,725483.25,4162544.25
59,37.00,725480.25,4162542.75
59,38.00,725477.75,4162540.25
59,39.00,725474.75,4162538.25
59,40.00,725471.25,4162536.25
59,41.00,725468.25,4162534.25
59,42.00,725465.25,4162532.25
59,43.00,725461.75,4162530.25
59,44.00,725458.75,4162528.25
59,45.00,725455.75,4162526.25
59,46.00,725453.26,4162526.02
59,47.00,725452.75,4162524.25
59,48.00,725449.75,4162521.75
59,49.00,725444.88,4162517.87
60,1.00,725568.25,4162595.75
60,2.00,725564.26,4162593.92
60,3.00,725560.25,4162589.75
60,4.00,725554.75,4162587.25
60,5.00,725551.75,4162584.75
60,6.00,725550.25,4162583.75
60,7.00,725548.88,4162582.90
60,8.00,725547.25,4162581.75
60,9.00,725546.25,4162580.75
60,10.00,725544.25,4162579.75
60,11.00,725542.25,4162578.75
60,12.00,725541.20,4162578.47
60,13.00,725540.25,4162577.75
60,14.00,725539.85,4162576.25
60,15.00,725538.25,4162575.75
60,16.00,725535.75,4162573.25
60,17.00,725533.75,4162572.75
60,18.00,725531.75,4162571.75
60,19.00,725529.25,4162569.75
60,20.00,725527.75,4162568.75
60,21.00,725526.25,4162567.75
60,22.00,725524.25,4162566.75
60,23.00,725523.22,4162565.98
60,24.00,725519.75,4162564.25
60,25.00,725515.25,4162561.25
60,26.00,725513.75,4162559.75
60,27.00,725512.75,4162559.25
60,28.00,725510.75,4162557.75
60,29.00,725509.07,4162556.47
60,30.00,725507.74,4162555.97
60,31.00,725506.25,4162555.25
60,32.00,725504.25,4162554.25
60,33.00,725503.25,4162553.25
60,34.00,725501.04,4162551.98
60,35.00,725500.20,4162550.98
60,36.00,725498.75,4162549.75
60,37.00,725496.75,4162549.25
60,38.00,725494.75,4162547.75
60,39.00,725492.25,4162546.25
60,40.00,725490.75,4162545.25
60,41.00,725489.75,4162543.75
60,42.00,725485.75,4162541.75
60,43.00,725484.61,4162539.03
60,44.00,725482.25,4162539.75
60,45.00,725479.25,4162537.75
60,46.00,725475.75,4162535.25
60,47.00,725473.25,4162533.25
60,48.00,725470.75,4162531.25
60,49.00,725467.25,4162529.25
60,50.00,725463.25,4162527.25
60,51.00,725460.75,4162525.25
60,52.00,725457.75,4162523.25
60,53.00,725455.25,4162521.25
60,54.00,725451.75,4162519.25
60,55.00,725448.75,4162516.75
61,1.00,725566.75,4162590.75
61,2.00,725564.55,4162590.77
61,3.00,725564.25,4162589.25
61,4.00,725561.25,4162587.75
61,5.00,725559.77,4162584.68
61,6.00,725558.25,4162585.25
61,7.00,725557.02,4162583.37
61,8.00,725555.25,4162583.25
61,9.00,725553.25,4162582.25
61,10.00,725551.96,4162581.66
61,11.00,725550.25,4162579.75
61,12.00,725547.75,4162578.25
61,13.00,725546.25,4162577.75
61,14.00,725544.25,4162576.75
61,15.00,725542.75,4162575.25
61,16.00,725541.25,4162574.25
61,17.00,725539.25,4162573.75
61,18.00,725537.17,4162571.71
61,19.00,725535.25,4162570.25
61,20.00,725531.75,4162568.75
61,21.00,725528.75,4162566.75
61,22.00,725526.25,4162564.25
61,23.00,725523.44,4162562.37
61,24.00,725521.75,4162561.75
61,25.00,725520.03,4162560.60
61,26.00,725518.25,4162559.25
61,27.00,725515.75,4162557.75
61,28.00,725514.25,4162556.75
61,29.00,725512.88,4162555.52
61,30.00,725511.75,4162555.25
61,31.00,725504.25,4162551.25
61,32.00,725504.49,4162549.96
61,33.00,725502.25,4162549.75
61,34.00,725500.50,4162548.07
61,35.00,725498.25,4162547.25
61,36.00,725496.75,4162545.75
61,37.00,725495.25,4162544.75
61,38.00,725492.25,4162542.75
61,39.00,725490.51,4162541.37
61,40.00,725489.25,4162540.25
61,41.00,725487.25,4162537.25
61,42.00,725484.90,4162536.91
61,43.00,725483.75,4162537.25
61,44.00,725480.75,4162535.25
61,45.00,725477.75,4162533.75
61,46.00,725474.75,4162530.75
61,47.00,725471.75,4162528.75
61,48.00,725470.47,4162528.93
61,49.00,725468.25,4162526.75
61,50.00,725465.25,4162525.25
61,51.00,725462.75,4162522.75
61,52.00,725459.25,4162520.75
61,53.00,725456.25,4162518.75
61,54.00,725453.25,4162516.75
61,55.00,725448.04,4162514.79
61,56.00,725447.25,4162513.25
62,1.00,725571.66,4162589.78
62,2.00,725571.04,4162588.09
62,3.00,725568.75,4162587.75
62,4.00,725564.71,4162585.55
62,5.00,725563.25,4162585.25
62,6.00,725564.20,4162583.58
62,7.00,725561.75,4162583.75
62,8.00,725557.25,4162580.75
62,9.00,725555.68,4162578.94
62,10.00,725553.75,4162578.75
62,11.00,725552.25,4162577.75
62,12.00,725551.25,4162576.25
62,13.00,725549.96,4162577.07
62,14.00,725547.75,4162574.75
62,15.00,725542.75,4162571.75
62,16.00,725540.75,4162570.25
62,17.00,725538.75,4162569.25
62,18.00,725537.25,4162567.75
62,19.00,725536.16,4162566.91
62,20.00,725534.25,4162565.75
62,21.00,725532.25,4162564.75
62,22.00,725530.75,4162564.25
62,23.00,725527.75,4162561.75
62,24.00,725526.25,4162561.25
62,25.00,725524.75,4162559.75
62,26.00,725522.75,4162558.75
62,27.00,725518.75,4162556.25
62,28.00,725516.75,4162555.25
62,29.00,725514.25,4162553.25
62,30.00,725512.25,4162552.25
62,31.00,725510.75,4162551.25
62,32.00,725507.23,4162546.83
62,33.00,725506.25,4162548.25
62,34.00,725504.25,4162547.25
62,35.00,725503.46,4162546.62
62,36.00,725502.25,4162545.25
62,37.00,725499.75,4162544.25
62,38.00,725498.25,4162543.25
62,39.00,725493.75,4162540.25
62,40.00,725492.25,4162539.25
62,41.00,725491.25,4162538.25
62,42.00,725488.75,4162537.25
62,43.00,725489.49,4162536.03
62,44.00,725488.25,4162535.25
62,45.00,725485.25,4162534.75
62,46.00,725479.25,4162530.75
62,47.00,725476.25,4162528.75
62,48.00,725470.25,4162524.25
62,49.00,725463.75,4162520.75
62,50.00,725460.75,4162518.25
62,51.00,725458.75,4162516.25
62,52.00,725454.75,4162514.25
62,53.00,725451.25,4162513.25
63,1.00,725568.82,4162584.58
63,2.00,725564.75,4162582.25
63,3.00,725561.75,4162580.75
63,4.00,725560.25,4162579.25
63,5.00,725560.36,4162578.23
63,6.00,725558.25,4162578.75
63,7.00,725557.25,4162577.25
63,8.00,725555.75,4162576.25
63,9.00,725552.75,4162574.25
63,10.00,725550.75,4162573.25
63,11.00,725549.75,4162572.25
63,12.00,725547.75,4162571.25
63,13.00,725546.75,4162570.25
63,14.00,725544.75,4162569.25
63,15.00,725542.89,4162568.31
63,16.00,725539.75,4162566.25
63,17.00,725537.76,4162564.33
63,18.00,725535.25,4162563.75
63,19.00,725532.25,4162561.25
63,20.00,725528.25,4162558.25
63,21.00,725526.25,4162557.25
63,22.00,725524.25,4162556.25
63,23.00,725523.75,4162555.25
63,24.00,725521.75,4162554.25
63,25.00,725520.09,4162553.73
63,26.00,725518.75,4162552.25
63,27.00,725517.86,4162553.28
63,28.00,725517.25,4162551.25
63,29.00,725514.25,4162549.25
63,30.00,725512.75,4162548.25
63,31.00,725511.12,4162547.26
63,32.00,725508.25,4162545.25
63,33.00,725506.29,4162544.49
63,34.00,725505.25,4162543.25
63,35.00,725501.75,4162540.75
63,36.00,725499.25,4162539.25
63,37.00,725497.70,4162538.25
63,38.00,725495.75,4162537.25
63,39.00,725493.25,4162535.25
63,40.00,725490.75,4162533.75
63,41.00,725487.25,4162531.75
63,42.00,725484.25,4162530.25
63,43.00,725481.25,4162527.25
63,44.00,725478.25,4162526.25
63,45.00,725475.25,4162523.75
63,46.00,725471.75,4162521.75
63,47.00,725465.75,4162518.25
63,48.00,725462.85,4162514.52
63,49.00,725461.75,4162515.75
63,50.00,725459.25,4162513.75
63,51.00,725456.75,4162511.75
63,52.00,725450.75,4162509.25
64,1.00,725569.12,4162582.46
64,2.00,725566.58,4162580.01
64,3.00,725564.80,4162580.28
64,4.00,725563.75,4162577.75
64,5.00,725561.75,4162576.75
64,6.00,725558.75,4162575.25
64,7.00,725557.25,4162573.75
64,8.00,725555.55,4162573.06
64,9.00,725552.70,4162571.06
64,10.00,725551.41,4162571.85
64,11.00,725551.25,4162570.25
64,12.00,725549.75,4162569.25
64,13.00,725548.75,4162567.25
64,14.00,725545.25,4162565.75
64,15.00,725543.05,4162565.06
64,16.00,725541.75,4162564.25
64,17.00,725540.25,4162562.75
64,18.00,725537.31,4162560.54
64,19.00,725535.75,4162559.75
64,20.00,725534.25,4162558.75
64,21.00,725531.25,4162556.75
64,22.00,725528.25,4162555.25
64,23.00,725525.25,4162552.75
64,24.00,725523.75,4162551.75
64,25.00,725521.75,4162550.75
64,26.00,725517.25,4162547.75
64,27.00,725516.06,4162546.58
64,28.00,725514.25,4162545.25
64,29.00,725511.75,4162544.25
64,30.00,725510.25,4162542.75
64,31.00,725508.38,4162541.23
64,32.00,725506.75,4162540.75
64,33.00,725504.75,4162539.75
64,34.00,725503.75,4162538.25
64,35.00,725501.75,4162537.25
64,36.00,725497.75,4162533.75
64,37.00,725494.25,4162532.75
64,38.00,725492.75,4162530.25
64,39.00,725488.75,4162529.25
64,40.00,725485.75,4162527.75
64,41.00,725483.25,4162525.25
64,42.00,725479.75,4162523.25
64,43.00,725476.75,4162521.25
64,44.00,725473.75,4162519.25
64,45.00,725467.75,4162515.75
64,46.00,725464.75,4162513.25
64,47.00,725461.25,4162511.25
64,48.00,725458.25,4162508.75
64,49.00,725455.75,4162506.75
65,1.00,725573.82,4162579.46
65,2.00,725568.25,4162577.25
65,3.00,725566.86,4162575.29
65,4.00,725563.41,4162573.63
65,5.00,725560.75,4162572.25
65,6.00,725559.25,4162571.25
65,7.00,725557.25,4162570.25
65,8.00,725555.75,4162569.75
65,9.00,725554.25,4162568.25
65,10.00,725553.25,4162567.75
65,11.00,725551.77,4162566.31
65,12.00,725549.75,4162565.25
65,13.00,725548.25,4162564.75
65,14.00,725545.25,4162562.25
65,15.00,725543.75,4162561.25
65,16.00,725541.75,4162560.25
65,17.00,725539.25,4162558.25
65,18.00,725537.25,4162557.25
65,19.00,725535.70,4162556.25
65,20.00,725534.25,4162555.25
65,21.00,725532.99,4162554.49
65,22.00,725531.25,4162553.25
65,23.00,725528.75,4162551.25
65,24.00,725527.80,4162549.28
65,25.00,725526.75,4162550.25
65,26.00,725524.77,4162549.94
65,27.00,725525.25,4162548.75
65,28.00,725524.25,4162547.75
65,29.00,725522.25,4162547.25
65,30.00,725519.25,4162545.25
65,31.00,725515.75,4162543.25
65,32.00,725514.25,4162542.25
65,33.00,725511.75,4162540.25
65,34.00,725509.75,4162539.25
65,35.00,725505.25,4162536.25
65,36.00,725504.25,4162534.75
65,37.00,725502.75,4162534.25
65,38.00,725500.75,4162533.25
65,39.00,725499.75,4162532.25
65,40.00,725497.25,4162531.25
65,41.00,725496.25,4162529.75
65,42.00,725493.75,4162528.75
65,43.00,725490.75,4162526.25
65,44.00,725489.63,4162527.40
65,45.00,725487.25,4162524.75
65,46.00,725484.25,4162522.75
65,47.00,725481.25,4162521.25
65,48.00,725478.25,4162519.25
65,49.00,725474.75,4162516.75
65,50.00,725469.25,4162512.75
65,51.00,725466.25,4162510.75
65,52.00,725463.25,4162508.75
65,53.00,725459.75,4162506.75
,,,
,,,
,,,
,,,
,,,
,,,
,,,
,,,
,,,
,,,
,,,
,,,
,,,
,,,
,,,
,,,
,,,
,,,
,,,
,,,
,,,
,,,
,,,
,,,
,,,
,,,
,,,
,,,
,,,
,,,
,,,
,,,
,,,
,,,
,,,
,,,
,,,
,,,
,,,
,,,
,,,
,,,
,,,
,,,
,,,
,,,
,,,
,,,
,,,
,,,
,,,
,,,
,,,
,,,
,,,
,,,
,,,
,,,
,,,
,,,
,,,
,,,
,,,
,,,
,,,
,,,
,,,
,,,
,,,
,,,
,,,
,,,
,,,
,,,
,,,
,,,
,,,
,,,
,,,
,,,
,,,
,,,
,,,
,,,
,,,
,,,
,,,
,,,
,,,
,,,
,,,
,,,
,,,
,,,
,,,
,,,
,,,
,,,
,,,
,,,
,,,
,,,
,,,
,,,
,,,
,,,
,,,
,,,
,,,
,,,
,,,
,,,
,,,
,,,
,,,
,,,
,,,
,,,
,,,
,,,
,,,
,,,
,,,
,,,
,,,
,,,
,,,
,,,
,,,
,,,
,,,
,,,
,,,
,,,
,,,
,,,
,,,
,,,
,,,
,,,
,,,
,,,
,,,
,,,
,,,
,,,
,,,
,,,
,,,
,,,
,,,
,,,
,,,
,,,
,,,
,,,
,,,
,,,
,,,
,,,
,,,
,,,
,,,
,,,
,,,
,,,
,,,
,,,
,,,
,,,
,,,
,,,
,,,
,,,
,,,
,,,
,,,
,,,
,,,
,,,
,,,
,,,
,,,
,,,
,,,
,,,
,,,
,,,
,,,
,,,
,,,
,,,
,,,
,,,
,,,
,,,
,,,
,,,
,,,
,,,
,,,
,,,
,,,
,,,
,,,
,,,
,,,
,,,
,,,
,,,
,,,
,,,
,,,
,,,
,,,
,,,
,,,
,,,
,,,
,,,
,,,
,,,
,,,
,,,
,,,
,,,
,,,
,,,
,,,
,,,
,,,
,,,
,,,
,,,
,,,
,,,
,,,
,,,
,,,
,,,
,,,
,,,
,,,
,,,
,,,
,,,
,,,
,,,
,,,
,,,
,,,
,,,
,,,
,,,
,,,
,,,
,,,
,,,
,,,
,,,
,,,
,,,
,,,
,,,
,,,
,,,
,,,
,,,
,,,
,,,
,,,
,,,
,,,
,,,
,,,
,,,
,,,
,,,
,,,
,,,
,,,
,,,
,,,
,,,
,,,
,,,
,,,
,,,
,,,
,,,
,,,
,,,
,,,
,,,
,,,
,,,
,,,
,,,
,,,
,,,
,,,
,,,
,,,
,,,
,,,
,,,
,,,
,,,
,,,
,,,
,,,
,,,
,,,
,,,
,,,
,,,
,,,
,,,
,,,
,,,
,,,
,,,
,,,
,,,
,,,
,,,
,,,
,,,
,,,
,,,
,,,
,,,
,,,
,,,
,,,
,,,
,,,
,,,
,,,
,,,
,,,
,,,
,,,
,,,
,,,
,,,
,,,
,,,
,,,
,,,
,,,
,,,
,,,
,,,
,,,
,,,
,,,
,,,
,,,
,,,
,,,
,,,
,,,
,,,
,,,
,,,
,,,
,,,
,,,
,,,
,,,
,,,
,,,
,,,
,,,
,,,
,,,
,,,
,,,
,,,
,,,
,,,
,,,
,,,
,,,
,,,
,,,
,,,
,,,
,,,
,,,
,,,
,,,
,,,
,,,
,,,
,,,
,,,
,,,
,,,
,,,
,,,
,,,
,,,
,,,
,,,
,,,
,,,
,,,
,,,
,,,
,,,
,,,
,,,
,,,
,,,
,,,
,,,
,,,
,,,
,,,
,,,
,,,
,,,
,,,
,,,
,,,
,,,
,,,
,,,
,,,
,,,
,,,
,,,
,,,
,,,
,,,
,,,
,,,
,,,
,,,
,,,
,,,
,,,
,,,
,,,
,,,
,,,
,,,
,,,
,,,
,,,
,,,
,,,
,,,
,,,
,,,
,,,
,,,
,,,
,,,
,,,
,,,
,,,
,,,
,,,
,,,
,,,
,,,
,,,
,,,
,,,
,,,
,,,
,,,
,,,
,,,
,,,
,,,
,,,
,,,
,,,
,,,
,,,
,,,
,,,
,,,
,,,
,,,
,,,
,,,
,,,
,,,
,,,
,,,
,,,
,,,
,,,
,,,
,,,
,,,
,,,
,,,
,,,
,,,
,,,
,,,
,,,
,,,
,,,
,,,
,,,
,,,
,,,
,,,
,,,
,,,
,,,
,,,
,,,
,,,
,,,
,,,
,,,
,,,
,,,
,,,
,,,
,,,
,,,
,,,
,,,
,,,
,,,
,,,
,,,
,,,
,,,
,,,
,,,
,,,
,,,
,,,
,,,
,,,
,,,
,,,
,,,
,,,
,,,
,,,
,,,
,,,
,,,
,,,
,,,
,,,
,,,
,,,
,,,
,,,