Row,Tree,X,Y
1,1,725472.25,4162747.75
1,2,725464.75,4162743.25
1,3,725463.18,4162743.2
1,4,725461.25,4162740.75
1,5,725459.25,4162739.25
1,6,725455.75,4162737.25
1,7,725453.24,4162736.07
1,8,725447.75,4162731.75
1,9,725441.25,4162727.25
1,10,725440.25,4162725.75
1,11,725434.75,4162722.75
1,12,725432.75,4162722.25
1,13,725431.25,4162720.25
1,14,725427.75,4162717.75
1,15,725424.75,4162715.75
1,16,725421.25,4162713.25
1,17,725419.25,4162712.25
1,18,725414.25,4162709.25
1,19,725410.75,4162707.25
1,20,725408.25,4162705.75
1,21,725405.75,4162703.25
1,22,725403.25,4162702.75
1,23,725400.25,4162700.25
1,24,725398.25,4162699.75
1,25,725396.25,4162698.25
1,26,725393.25,4162696.25
1,27,725390.25,4162693.75
1,28,725385.25,4162690.25
1,29,725382.25,4162688.25
1,30,725380.75,4162689.25
1,31,725380.25,4162686.25
1,32,725378.25,4162686.25
1,33,725374.75,4162683.25
1,34,725373.25,4162682.25
1,35,725369.25,4162679.75
1,36,725366.25,4162677.75
1,37,725364.75,4162676.25
2,1,725477.25,4162747.25
2,2,725475.75,4162747.75
2,3,725474.26,4162747.0
2,4,725473.25,4162745.25
2,5,725469.25,4162741.75
2,6,725467.25,4162740.75
2,7,725465.75,4162739.25
2,8,725464.25,4162738.75
2,9,725461.25,4162736.25
2,10,725459.61,4162735.46
2,11,725457.81,4162734.52
2,12,725456.75,4162733.75
2,13,725455.44,4162732.38
2,14,725453.75,4162731.75
2,15,725450.75,4162729.75
2,16,725448.75,4162728.75
2,17,725446.75,4162726.75
2,18,725444.75,4162725.75
2,19,725441.32,4162723.68
2,20,725439.25,4162723.25
2,21,725438.75,4162721.25
2,22,725436.25,4162720.25
2,23,725433.25,4162718.25
2,24,725430.0,4162716.22
2,25,725429.36,4162715.1
2,26,725426.75,4162714.25
2,27,725424.25,4162712.25
2,28,725417.75,4162708.25
2,29,725408.75,4162702.25
2,30,725402.75,4162698.25
2,31,725397.25,4162694.75
2,32,725394.25,4162692.75
2,33,725392.75,4162691.25
2,34,725391.25,4162690.25
2,35,725389.25,4162689.75
2,36,725387.75,4162688.75
2,37,725386.25,4162687.75
2,38,725383.25,4162685.75
2,39,725378.75,4162682.75
2,40,725377.25,4162681.75
2,41,725372.75,4162678.25
2,42,725369.75,4162676.25
2,43,725367.78,4162675.61
2,44,725366.75,4162674.75
2,45,725364.25,4162674.25
3,1,725479.25,4162743.75
3,2,725475.75,4162742.75
3,3,725473.75,4162741.25
3,4,725470.75,4162739.25
3,5,725468.75,4162738.25
3,6,725467.75,4162736.75
3,7,725466.25,4162736.25
3,8,725461.75,4162733.25
3,9,725458.75,4162731.25
3,10,725456.75,4162730.25
3,11,725453.75,4162727.75
3,12,725452.88,4162726.76
3,13,725451.25,4162725.75
3,14,725449.25,4162725.25
3,15,725447.75,4162723.75
3,16,725445.25,4162722.25
3,17,725443.25,4162721.25
3,18,725441.25,4162720.25
3,19,725437.75,4162717.75
3,20,725434.75,4162715.25
3,21,725431.75,4162713.25
3,22,725428.75,4162711.75
3,23,725426.25,4162709.25
3,24,725422.75,4162707.25
3,25,725419.25,4162705.75
3,26,725413.25,4162701.75
3,27,725410.6,4162698.37
3,28,725407.25,4162697.75
3,29,725404.25,4162695.75
3,30,725400.75,4162693.25
3,31,725398.75,4162692.25
3,32,725395.75,4162690.25
3,33,725393.25,4162688.25
3,34,725390.25,4162685.75
3,35,725388.25,4162685.25
3,36,725386.75,4162683.75
3,37,725384.25,4162681.75
3,38,725382.53,4162680.96
3,39,725380.25,4162680.25
3,40,725379.25,4162678.75
3,41,725376.25,4162676.75
3,42,725374.28,4162676.21
3,43,725371.25,4162674.25
3,44,725370.25,4162673.25
3,45,725365.88,4162672.52
3,46,725366.75,4162670.75
3,47,725363.75,4162670.75
4,1,725476.75,4162739.75
4,2,725475.7,4162738.77
4,3,725474.25,4162737.25
4,4,725470.75,4162735.75
4,5,725469.75,4162734.75
4,6,725466.25,4162732.75
4,7,725463.25,4162730.75
4,8,725461.75,4162729.75
4,9,725459.9,4162728.86
4,10,725457.25,4162726.75
4,11,725455.75,4162725.75
4,12,725452.75,4162723.25
4,13,725449.25,4162721.75
4,14,725448.25,4162720.25
4,15,725446.67,4162719.5
4,16,725445.25,4162718.75
4,17,725441.75,4162716.75
4,18,725439.75,4162715.25
4,19,725436.75,4162712.75
4,20,725430.75,4162709.25
4,21,725427.25,4162707.25
4,22,725424.41,4162706.97
4,23,725421.25,4162702.75
4,24,725418.25,4162700.75
4,25,725415.25,4162699.25
4,26,725411.75,4162697.25
4,27,725408.75,4162695.25
4,28,725406.25,4162692.75
4,29,725402.75,4162690.25
4,30,725399.75,4162688.25
4,31,725397.25,4162688.25
4,32,725396.75,4162685.75
4,33,725394.75,4162685.75
4,34,725391.75,4162683.25
4,35,725390.25,4162682.25
4,36,725388.77,4162681.42
4,37,725386.75,4162680.75
4,38,725384.27,4162678.4
4,39,725382.25,4162677.25
4,40,725379.75,4162675.25
4,41,725378.25,4162674.75
4,42,725376.25,4162673.25
4,43,725374.75,4162672.25
4,44,725372.25,4162670.75
4,45,725370.0,4162669.43
4,46,725365.25,4162667.75
5,1,725483.75,4162741.25
5,2,725481.75,4162739.25
5,3,725478.75,4162737.75
5,4,725477.25,4162736.25
5,5,725476.32,4162735.28
5,6,725473.75,4162734.75
5,7,725471.25,4162732.25
5,8,725467.75,4162730.25
5,9,725466.75,4162729.25
5,10,725464.75,4162727.75
5,11,725462.25,4162725.75
5,12,725459.25,4162724.25
5,13,725457.75,4162723.25
5,14,725455.75,4162721.75
5,15,725454.25,4162720.75
5,16,725451.25,4162718.75
5,17,725449.75,4162717.75
5,18,725448.25,4162716.75
5,19,725446.25,4162715.75
5,20,725443.75,4162713.75
5,21,725441.25,4162712.75
5,22,725438.75,4162710.75
5,23,725432.25,4162706.75
5,24,725429.25,4162704.75
5,25,725423.25,4162701.25
5,26,725419.75,4162698.75
5,27,725416.75,4162696.75
5,28,725413.75,4162694.75
5,29,725410.25,4162692.75
5,30,725408.25,4162690.75
5,31,725405.75,4162688.75
5,32,725402.25,4162686.75
5,33,725400.75,4162685.75
5,34,725399.25,4162684.25
5,35,725397.96,4162683.8
5,36,725395.75,4162683.25
5,37,725393.75,4162680.75
5,38,725391.75,4162679.75
5,39,725389.96,4162679.06
5,40,725388.68,4162678.0
5,41,725387.53,4162676.92
5,42,725386.25,4162675.75
5,43,725384.25,4162674.75
5,44,725382.75,4162673.75
5,45,725379.75,4162671.75
5,46,725376.75,4162669.75
5,47,725374.75,4162669.25
5,48,725373.25,4162667.75
5,49,725370.25,4162666.25
5,50,725366.32,4162664.19
5,51,725367.25,4162662.25
6,1,725480.75,4162735.25
6,2,725478.75,4162733.75
6,3,725475.75,4162731.75
6,4,725473.34,4162731.29
6,5,725472.75,4162730.25
6,6,725471.25,4162728.75
6,7,725470.25,4162727.75
6,8,725468.25,4162726.75
6,9,725465.25,4162724.75
6,10,725459.25,4162720.75
6,11,725457.75,4162719.75
6,12,725454.25,4162717.75
6,13,725451.25,4162715.75
6,14,725449.75,4162715.25
6,15,725447.03,4162712.84
6,16,725445.25,4162711.75
6,17,725443.25,4162710.25
6,18,725437.25,4162706.25
6,19,725434.25,4162704.25
6,20,725430.75,4162702.25
6,21,725427.75,4162700.25
6,22,725424.25,4162698.25
6,23,725421.75,4162696.25
6,24,725418.75,4162694.75
6,25,725415.25,4162692.25
6,26,725412.75,4162690.75
6,27,725409.75,4162687.75
6,28,725407.85,4162686.75
6,29,725405.25,4162685.75
6,30,725404.25,4162684.75
6,31,725401.25,4162682.25
6,32,725398.38,4162680.76
6,33,725396.75,4162679.25
6,34,725395.25,4162678.75
6,35,725393.62,4162677.75
6,36,725391.75,4162676.25
6,37,725390.75,4162675.25
6,38,725388.83,4162674.76
6,39,725387.89,4162673.57
6,40,725385.75,4162672.75
6,41,725384.25,4162671.75
6,42,725382.75,4162670.75
6,43,725381.25,4162669.75
6,44,725379.25,4162668.75
6,45,725378.25,4162667.25
6,46,725376.85,4162666.1
6,47,725375.25,4162665.75
6,48,725373.75,4162664.75
6,49,725371.75,4162663.75
6,50,725369.25,4162663.25
6,51,725368.25,4162659.75
6,52,725364.75,4162659.75
7,1,725484.75,4162734.25
7,2,725481.25,4162731.25
7,3,725478.75,4162730.25
7,4,725476.25,4162728.25
7,5,725474.75,4162726.75
7,6,725472.75,4162726.25
7,7,725469.75,4162724.25
7,8,725467.07,4162722.5
7,9,725465.25,4162720.75
7,10,725462.25,4162719.25
7,11,725460.75,4162718.25
7,12,725455.71,4162716.88
7,13,725456.25,4162714.75
7,14,725453.25,4162713.25
7,15,725451.44,4162712.17
7,16,725449.75,4162711.25
7,17,725447.25,4162708.75
7,18,725442.25,4162705.75
7,19,725439.25,4162703.25
7,20,725435.75,4162701.75
7,21,725432.75,4162699.25
7,22,725429.75,4162697.25
7,23,725423.25,4162693.75
7,24,725420.25,4162691.75
7,25,725414.25,4162687.25
7,26,725411.25,4162685.75
7,27,725407.25,4162683.25
7,28,725404.25,4162681.25
7,29,725402.75,4162679.75
7,30,725401.25,4162679.25
7,31,725400.25,4162678.75
7,32,725398.75,4162677.25
7,33,725397.33,4162676.11
7,34,725394.75,4162675.25
7,35,725393.75,4162674.25
7,36,725391.75,4162672.75
7,37,725388.75,4162671.25
7,38,725387.22,4162670.28
7,39,725384.75,4162668.25
7,40,725382.75,4162667.25
7,41,725379.25,4162665.75
7,42,725378.25,4162664.25
7,43,725376.6,4162663.27
7,44,725373.25,4162661.75
7,45,725369.75,4162657.75
7,46,725365.75,4162655.75
8,1,725490.25,4162731.75
8,2,725486.75,4162730.25
8,3,725484.25,4162729.75
8,4,725482.75,4162728.75
8,5,725479.75,4162726.25
8,6,725477.75,4162725.25
8,7,725473.75,4162722.75
8,8,725470.25,4162720.75
8,9,725467.75,4162718.75
8,10,725465.75,4162717.75
8,11,725461.25,4162714.75
8,12,725459.75,4162713.75
8,13,725458.25,4162712.75
8,14,725456.75,4162711.63
8,15,725454.75,4162710.75
8,16,725453.75,4162709.75
8,17,725451.75,4162708.25
8,18,725448.75,4162706.75
8,19,725446.75,4162705.25
8,20,725443.75,4162703.25
8,21,725442.4,4162703.23
8,22,725440.25,4162701.25
8,23,725437.25,4162699.25
8,24,725434.75,4162697.25
8,25,725428.25,4162693.25
8,26,725425.25,4162691.25
8,27,725421.75,4162689.25
8,28,725418.75,4162687.25
8,29,725416.25,4162684.75
8,30,725413.25,4162682.75
8,31,725412.16,4162682.99
8,32,725410.25,4162681.75
8,33,725408.25,4162680.75
8,34,725404.25,4162677.75
8,35,725401.75,4162675.25
8,36,725399.75,4162674.25
8,37,725397.25,4162672.75
8,38,725395.25,4162671.25
8,39,725392.25,4162669.25
8,40,725387.75,4162666.25
8,41,725385.75,4162665.25
8,42,725382.25,4162661.75
8,43,725376.75,4162659.75
8,44,725375.75,4162658.25
8,45,725372.75,4162656.75
8,46,725366.08,4162654.23
8,47,725366.98,4162652.38
9,1,725484.25,4162726.25
9,2,725482.25,4162725.25
9,3,725480.98,4162724.36
9,4,725478.75,4162721.75
9,5,725476.75,4162721.25
9,6,725475.32,4162720.51
9,7,725473.75,4162719.25
9,8,725472.25,4162718.25
9,9,725468.75,4162716.25
9,10,725467.75,4162715.25
9,11,725464.19,4162713.03
9,12,725462.75,4162712.25
9,13,725461.75,4162711.25
9,14,725459.14,4162708.96
9,15,725456.75,4162708.25
9,16,725452.25,4162705.25
9,17,725450.25,4162704.25
9,18,725448.3,4162702.87
9,19,725445.25,4162700.25
9,20,725442.25,4162698.75
9,21,725439.25,4162696.75
9,22,725436.25,4162694.25
9,23,725433.75,4162692.75
9,24,725429.75,4162690.75
9,25,725423.75,4162686.75
9,26,725420.75,4162684.75
9,27,725421.1,4162683.19
9,28,725415.25,4162680.25
9,29,725412.25,4162679.25
9,30,725410.25,4162678.25
9,31,725408.75,4162677.25
9,32,725406.25,4162675.25
9,33,725404.75,4162674.25
9,34,725401.75,4162671.75
9,35,725398.75,4162670.25
9,36,725395.25,4162668.25
9,37,725392.75,4162665.75
9,38,725389.75,4162663.75
9,39,725387.75,4162662.68
9,40,725386.25,4162661.75
9,41,725384.84,4162660.77
9,42,725383.25,4162660.25
9,43,725382.25,4162658.25
9,44,725380.25,4162658.25
9,45,725378.75,4162656.25
9,46,725373.46,4162654.8
9,47,725374.25,4162653.25
9,48,725371.25,4162651.75
9,49,725368.25,4162649.75
10,1,725489.25,4162727.25
10,2,725487.75,4162724.75
10,3,725484.75,4162722.75
10,4,725481.25,4162720.75
10,5,725478.75,4162718.75
10,6,725476.75,4162717.25
10,7,725475.25,4162716.75
10,8,725473.75,4162715.25
10,9,725470.55,4162714.69
10,10,725469.25,4162712.25
10,11,725467.25,4162711.75
10,12,725465.5,4162710.53
10,13,725463.25,4162708.75
10,14,725461.25,4162707.75
10,15,725459.75,4162706.75
10,16,725456.75,4162704.75
10,17,725454.75,4162703.25
10,18,725450.25,4162699.75
10,19,725446.3,4162699.48
10,20,725443.75,4162696.25
10,21,725440.25,4162694.25
10,22,725438.25,4162691.75
10,23,725434.75,4162689.75
10,24,725431.25,4162688.25
10,25,725428.75,4162686.25
10,26,725425.25,4162684.25
10,27,725422.25,4162681.75
10,28,725419.25,4162680.75
10,29,725416.75,4162678.25
10,30,725414.25,4162676.75
10,31,725412.37,4162675.67
10,32,725410.75,4162674.25
10,33,725408.47,4162673.91
10,34,725405.25,4162670.75
10,35,725403.25,4162669.25
10,36,725401.25,4162668.25
10,37,725399.75,4162667.25
10,38,725394.25,4162663.75
10,39,725392.75,4162662.25
10,40,725391.25,4162661.35
10,41,725389.48,4162660.61
10,42,725388.25,4162659.25
10,43,725386.25,4162658.25
10,44,725383.62,4162656.5
10,45,725382.25,4162655.25
10,46,725380.25,4162654.75
10,47,725378.75,4162653.25
10,48,725369.66,4162648.61
10,49,725370.25,4162647.25
11,1,725491.25,4162723.75
11,2,725489.46,4162722.35
11,3,725487.75,4162721.25
11,4,725486.38,4162720.15
11,5,725484.75,4162719.25
11,6,725483.25,4162717.75
11,7,725480.25,4162716.25
11,8,725477.25,4162714.25
11,9,725475.25,4162712.75
11,10,725473.95,4162711.7
11,11,725472.75,4162710.75
11,12,725470.75,4162709.75
11,13,725469.25,4162709.25
11,14,725466.25,4162707.25
11,15,725464.75,4162706.25
11,16,725462.75,4162704.75
11,17,725459.75,4162703.25
11,18,725458.75,4162702.25
11,19,725455.75,4162700.25
11,20,725453.25,4162699.25
11,21,725451.75,4162697.75
11,22,725448.25,4162695.75
11,23,725445.75,4162693.75
11,24,725442.25,4162691.75
11,25,725436.25,4162687.25
11,26,725424.25,4162679.75
11,27,725421.75,4162677.75
11,28,725418.25,4162675.25
11,29,725415.75,4162674.25
11,30,725411.25,4162671.25
11,31,725409.25,4162670.25
11,32,725408.25,4162669.25
11,33,725406.24,4162668.04
11,34,725402.25,4162665.25
11,35,725400.25,4162663.75
11,36,725398.25,4162662.75
11,37,725397.25,4162662.25
11,38,725396.07,4162660.92
11,39,725394.46,4162660.28
11,40,725393.25,4162658.75
11,41,725391.25,4162657.75
11,42,725387.86,4162656.31
11,43,725386.75,4162654.75
11,44,725382.25,4162652.25
11,45,725380.75,4162651.25
11,46,725373.25,4162648.25
11,47,725374.2,4162646.77
11,48,725371.25,4162645.25
12,1,725495.75,4162723.75
12,2,725491.25,4162719.75
12,3,725489.75,4162718.25
12,4,725487.75,4162717.25
12,5,725485.25,4162715.25
12,6,725483.75,4162714.25
12,7,725481.75,4162713.25
12,8,725480.25,4162712.25
12,9,725478.75,4162711.25
12,10,725477.75,4162710.25
12,11,725475.59,4162709.33
12,12,725468.25,4162704.75
12,13,725463.25,4162701.75
12,14,725461.75,4162700.75
12,15,725460.25,4162699.75
12,16,725458.75,4162698.75
12,17,725457.25,4162697.75
12,18,725453.25,4162695.25
12,19,725450.25,4162693.25
12,20,725446.75,4162691.25
12,21,725444.25,4162688.75
12,22,725440.75,4162687.25
12,23,725435.25,4162683.25
12,24,725431.75,4162681.25
12,25,725428.75,4162679.25
12,26,725425.75,4162676.75
12,27,725422.25,4162675.25
12,28,725419.75,4162673.25
12,29,725417.75,4162671.75
12,30,725415.75,4162670.25
12,31,725413.24,4162668.69
12,32,725411.25,4162667.75
12,33,725409.75,4162666.25
12,34,725407.75,4162665.75
12,35,725406.34,4162664.87
12,36,725403.75,4162662.25
12,37,725400.75,4162660.75
12,38,725397.75,4162658.75
12,39,725393.25,4162655.25
12,40,725391.25,4162654.25
12,41,725389.68,4162653.57
12,42,725388.25,4162652.25
12,43,725385.58,4162650.5
12,44,725384.25,4162649.25
12,45,725381.75,4162648.75
12,46,725378.75,4162647.75
12,47,725375.75,4162645.25
12,48,725376.25,4162643.75
12,49,725372.25,4162642.75
13,1,725495.25,4162718.25
13,2,725492.75,4162717.25
13,3,725488.25,4162714.25
13,4,725486.25,4162713.25
13,5,725483.75,4162710.75
13,6,725480.25,4162709.25
13,7,725478.25,4162708.25
13,8,725474.25,4162705.25
13,9,725471.25,4162703.25
13,10,725470.25,4162702.25
13,11,725468.25,4162700.75
13,12,725466.75,4162699.75
13,13,725464.75,4162699.25
13,14,725463.75,4162697.75
13,15,725461.75,4162696.75
13,16,725457.25,4162694.25
13,17,725455.25,4162692.75
13,18,725452.75,4162691.25
13,19,725451.63,4162690.26
13,20,725448.25,4162688.75
13,21,725446.25,4162686.75
13,22,725442.75,4162684.75
13,23,725439.75,4162682.75
13,24,725436.75,4162680.75
13,25,725433.75,4162678.25
13,26,725430.75,4162676.75
13,27,725424.75,4162672.25
13,28,725421.75,4162670.75
13,29,725419.25,4162669.25
13,30,725414.75,4162666.25
13,31,725412.75,4162664.75
13,32,725409.75,4162663.25
13,33,725408.25,4162662.25
13,34,725407.25,4162661.25
13,35,725405.75,4162659.75
13,36,725402.25,4162658.25
13,37,725400.75,4162656.75
13,38,725398.75,4162656.25
13,39,725396.25,4162653.25
13,40,725394.25,4162652.75
13,41,725392.75,4162651.75
13,42,725390.25,4162649.75
13,43,725388.75,4162649.25
13,44,725386.75,4162647.75
13,45,725383.75,4162646.75
13,46,725376.75,4162641.75
13,47,725373.25,4162639.75
14,1,725498.75,4162717.75
14,2,725498.48,4162716.68
14,3,725494.75,4162714.75
14,4,725492.75,4162713.25
14,5,725491.21,4162712.54
14,6,725489.75,4162711.25
14,7,725488.54,4162710.59
14,8,725486.75,4162709.25
14,9,725483.75,4162707.25
14,10,725480.75,4162705.25
14,11,725477.75,4162703.75
14,12,725476.25,4162702.25
14,13,725474.47,4162701.48
14,14,725472.75,4162700.25
14,15,725469.75,4162698.25
14,16,725468.25,4162697.25
14,17,725467.25,4162696.75
14,18,725465.25,4162695.25
14,19,725463.75,4162694.25
14,20,725462.25,4162693.25
14,21,725460.75,4162692.25
14,22,725459.25,4162691.25
14,23,725456.75,4162690.25
14,24,725453.75,4162688.25
14,25,725447.25,4162684.25
14,26,725444.25,4162682.25
14,27,725442.09,4162679.01
14,28,725441.25,4162680.25
14,29,725438.75,4162677.75
14,30,725435.75,4162676.25
14,31,725432.25,4162673.75
14,32,725429.25,4162671.75
14,33,725422.75,4162668.25
14,34,725420.75,4162666.25
14,35,725419.33,4162665.49
14,36,725417.75,4162664.75
14,37,725416.25,4162663.25
14,38,725414.94,4162661.23
14,39,725411.25,4162660.75
14,40,725409.75,4162659.25
14,41,725406.05,4162657.24
14,42,725404.75,4162655.75
14,43,725403.25,4162654.75
14,44,725402.25,4162654.25
14,45,725399.25,4162652.25
14,46,725397.75,4162650.75
14,47,725394.75,4162649.25
14,48,725391.63,4162646.69
14,49,725390.25,4162646.25
14,50,725385.25,4162643.25
14,51,725380.75,4162641.75
14,52,725377.75,4162639.25
14,53,725374.75,4162637.75
15,1,725498.5,4162714.9
15,2,725497.39,4162711.71
15,3,725485.7,4162704.48
15,4,725482.75,4162703.25
15,5,725480.75,4162702.25
15,6,725477.75,4162700.25
15,7,725475.75,4162699.25
15,8,725474.75,4162698.25
15,9,725473.25,4162697.25
15,10,725468.75,4162694.25
15,11,725467.25,4162693.25
15,12,725465.64,4162691.94
15,13,725462.75,4162690.25
15,14,725461.25,4162689.25
15,15,725459.9,4162687.83
15,16,725456.75,4162686.25
15,17,725455.25,4162685.25
15,18,725453.29,4162684.52
15,19,725452.75,4162682.75
15,20,725449.25,4162680.75
15,21,725446.25,4162679.75
15,22,725443.75,4162677.75
15,23,725440.25,4162675.75
15,24,725437.75,4162673.25
15,25,725434.75,4162671.25
15,26,725431.25,4162669.25
15,27,725425.25,4162665.75
15,28,725422.25,4162663.75
15,29,725419.25,4162661.75
15,30,725416.25,4162659.75
15,31,725413.25,4162657.25
15,32,725409.75,4162655.25
15,33,725406.75,4162653.75
15,34,725403.25,4162651.25
15,35,725397.75,4162648.25
15,36,725394.75,4162645.75
15,37,725391.75,4162643.25
15,38,725388.25,4162641.75
15,39,725385.25,4162639.25
15,40,725384.22,4162639.17
15,41,725382.25,4162638.25
15,42,725380.36,4162637.05
15,43,725379.25,4162635.75
15,44,725376.25,4162633.75
15,45,725375.23,4162632.34
16,1,725499.75,4162711.25
16,2,725496.75,4162708.25
16,3,725493.25,4162707.75
16,4,725492.75,4162705.25
16,5,725491.75,4162704.25
16,6,725486.25,4162701.75
16,7,725484.25,4162700.75
16,8,725481.75,4162699.25
16,9,725480.4,4162698.7
16,10,725479.75,4162697.75
16,11,725478.15,4162696.72
16,12,725476.75,4162695.75
16,13,725475.7,4162694.69
16,14,725474.25,4162693.25
16,15,725471.75,4162692.75
16,16,725469.75,4162690.75
16,17,725467.75,4162689.75
16,18,725466.02,4162688.64
16,19,725464.75,4162687.75
16,20,725462.75,4162686.25
16,21,725461.18,4162685.47
16,22,725458.75,4162683.25
16,23,725455.75,4162681.25
16,24,725454.16,4162680.17
16,25,725452.25,4162679.75
16,26,725451.25,4162678.25
16,27,725445.25,4162675.25
16,28,725443.25,4162673.75
16,29,725436.25,4162669.25
16,30,725434.33,4162666.97
16,31,725432.75,4162667.25
16,32,725430.25,4162664.75
16,33,725427.25,4162663.25
16,34,725424.25,4162661.25
16,35,725420.75,4162659.25
16,36,725418.25,4162657.25
16,37,725414.75,4162655.25
16,38,725412.25,4162653.25
16,39,725408.75,4162651.25
16,40,725405.75,4162649.25
16,41,725402.25,4162647.75
16,42,725399.25,4162645.75
16,43,725396.75,4162643.25
16,44,725393.25,4162640.75
16,45,725390.75,4162639.25
16,46,725387.25,4162637.25
16,47,725384.25,4162635.25
16,48,725380.75,4162633.25
16,49,725378.25,4162631.25
16,50,725376.28,4162631.03
16,51,725374.25,4162630.25
17,1,725500.75,4162708.75
17,2,725495.75,4162705.75
17,3,725490.25,4162701.75
17,4,725487.75,4162699.25
17,5,725486.25,4162697.75
17,6,725483.25,4162696.25
17,7,725481.25,4162695.25
17,8,725478.25,4162693.25
17,9,725477.25,4162691.75
17,10,725475.25,4162690.75
17,11,725473.75,4162689.75
17,12,725470.75,4162688.25
17,13,725469.25,4162687.25
17,14,725467.25,4162686.25
17,15,725465.25,4162684.25
17,16,725461.25,4162682.25
17,17,725459.78,4162681.11
17,18,725458.75,4162680.25
17,19,725455.75,4162678.25
17,20,725454.25,4162676.75
17,21,725449.75,4162674.75
17,22,725446.75,4162673.25
17,23,725444.25,4162670.25
17,24,725440.75,4162668.75
17,25,725438.25,4162666.75
17,26,725434.25,4162664.75
17,27,725428.75,4162661.25
17,28,725425.75,4162658.75
17,29,725422.75,4162655.75
17,30,725419.25,4162654.75
17,31,725416.75,4162652.75
17,32,725413.75,4162650.25
17,33,725410.25,4162648.75
17,34,725407.25,4162646.75
17,35,725404.25,4162644.75
17,36,725400.75,4162642.75
17,37,725398.75,4162640.75
17,38,725395.75,4162639.25
17,39,725392.25,4162636.25
17,40,725388.75,4162634.75
17,41,725386.25,4162632.75
17,42,725382.75,4162630.75
17,43,725379.75,4162628.25
18,1,725504.19,4162707.41
18,2,725499.25,4162704.25
18,3,725496.75,4162702.25
18,4,725489.25,4162696.75
18,5,725487.75,4162695.75
18,6,725485.62,4162694.67
18,7,725482.89,4162692.68
18,8,725481.25,4162691.75
18,9,725479.75,4162690.75
18,10,725477.25,4162688.75
18,11,725471.25,4162684.25
18,12,725469.36,4162683.55
18,13,725466.75,4162681.75
18,14,725464.75,4162680.25
18,15,725463.22,4162679.72
18,16,725461.75,4162678.25
18,17,725459.75,4162677.25
18,18,725457.25,4162675.75
18,19,725455.75,4162674.25
18,20,725451.75,4162672.25
18,21,725448.25,4162670.75
18,22,725448.75,4162669.75
18,23,725445.25,4162668.25
18,24,725442.25,4162666.25
18,25,725440.91,4162666.56
18,26,725439.75,4162664.25
18,27,725437.86,4162662.93
18,28,725436.25,4162662.25
18,29,725433.25,4162660.25
18,30,725431.41,4162659.42
18,31,725430.25,4162657.75
18,32,725427.25,4162655.75
18,33,725423.75,4162653.75
18,34,725421.25,4162651.75
18,35,725418.25,4162650.25
18,36,725414.75,4162648.25
18,37,725412.25,4162645.75
18,38,725408.75,4162644.25
18,39,725405.75,4162641.75
18,40,725402.75,4162640.25
18,41,725399.75,4162638.25
18,42,725396.75,4162635.75
18,43,725393.75,4162633.75
18,44,725390.25,4162632.25
18,45,725387.75,4162630.25
18,46,725384.75,4162627.75
18,47,725381.25,4162625.75
18,48,725377.66,4162624.54
19,1,725505.25,4162704.25
19,2,725504.5,4162703.33
19,3,725501.75,4162700.25
19,4,725499.66,4162700.51
19,5,725496.25,4162696.75
19,6,725492.75,4162696.75
19,7,725491.04,4162694.07
19,8,725487.75,4162692.25
19,9,725486.25,4162691.25
19,10,725485.25,4162689.87
19,11,725482.75,4162689.25
19,12,725479.75,4162687.25
19,13,725476.75,4162685.25
19,14,725475.75,4162683.84
19,15,725474.25,4162683.25
19,16,725472.25,4162681.75
19,17,725469.25,4162680.25
19,18,725467.75,4162678.75
19,19,725466.61,4162679.71
19,20,725465.07,4162677.2
19,21,725463.25,4162676.25
19,22,725460.25,4162673.75
19,23,725458.75,4162672.75
19,24,725455.25,4162671.25
19,25,725453.25,4162669.25
19,26,725450.25,4162667.25
19,27,725447.75,4162665.25
19,28,725443.75,4162663.25
19,29,725440.75,4162661.75
19,30,725438.25,4162659.75
19,31,725434.75,4162657.75
19,32,725432.25,4162655.75
19,33,725426.25,4162651.75
19,34,725422.75,4162649.25
19,35,725418.01,4162645.37
19,36,725416.75,4162645.75
19,37,725413.75,4162643.25
19,38,725411.25,4162642.25
19,39,725407.25,4162639.75
19,40,725404.25,4162637.25
19,41,725401.75,4162635.75
19,42,725398.25,4162633.25
19,43,725395.25,4162631.25
19,44,725392.25,4162629.75
19,45,725389.25,4162627.25
19,46,725385.75,4162625.75
19,47,725383.25,4162623.25
19,48,725377.75,4162621.25
20,1,725495.25,4162693.25
20,2,725492.75,4162691.25
20,3,725489.75,4162689.75
20,4,725487.75,4162688.75
20,5,725484.75,4162686.75
20,6,725482.75,4162684.75
20,7,725480.25,4162683.75
20,8,725477.25,4162681.75
20,9,725475.75,4162680.25
20,10,725472.75,4162678.75
20,11,725471.25,4162677.75
20,12,725469.64,4162676.69
20,13,725468.25,4162675.75
20,14,725466.75,4162674.75
20,15,725463.75,4162672.75
20,16,725462.25,4162671.25
20,17,725460.25,4162670.25
20,18,725458.25,4162669.75
20,19,725456.75,4162668.75
20,20,725454.75,4162667.25
20,21,725451.75,4162664.75
20,22,725448.75,4162663.25
20,23,725445.75,4162661.25
20,24,725442.25,4162659.25
20,25,725439.75,4162656.75
20,26,725436.75,4162654.75
20,27,725433.75,4162653.25
20,28,725430.75,4162651.25
20,29,725427.75,4162648.75
20,30,725424.25,4162646.75
20,31,725421.25,4162645.25
20,32,725418.75,4162642.75
20,33,725417.37,4162644.11
20,34,725415.25,4162641.25
20,35,725412.25,4162639.25
20,36,725408.75,4162636.75
20,37,725406.25,4162635.25
20,38,725403.25,4162633.25
20,39,725400.25,4162631.25
20,40,725399.01,4162631.63
20,41,725396.75,4162629.25
20,42,725393.75,4162627.25
20,43,725390.75,4162624.75
20,44,725387.75,4162623.25
20,45,725384.75,4162620.25
20,46,725379.75,4162618.25
20,47,725380.13,4162616.8
21,1,725497.25,4162690.75
21,2,725494.25,4162688.75
21,3,725492.15,4162688.01
21,4,725491.25,4162686.75
21,5,725490.79,4162684.99
21,6,725488.25,4162684.75
21,7,725486.13,4162684.23
21,8,725483.75,4162681.75
21,9,725481.71,4162681.09
21,10,725480.25,4162679.75
21,11,725477.75,4162677.75
21,12,725475.75,4162676.75
21,13,725472.75,4162675.25
21,14,725472.44,4162673.13
21,15,725470.75,4162673.75
21,16,725468.25,4162672.25
21,17,725466.25,4162671.25
21,18,725463.75,4162669.25
21,19,725462.25,4162667.75
21,20,725460.25,4162666.75
21,21,725458.75,4162665.75
21,22,725456.75,4162663.75
21,23,725453.75,4162662.25
21,24,725450.75,4162660.75
21,25,725447.75,4162658.25
21,26,725444.75,4162655.75
21,27,725441.75,4162654.75
21,28,725438.25,4162652.75
21,29,725435.75,4162650.25
21,30,725432.25,4162647.75
21,31,725429.25,4162646.75
21,32,725426.25,4162644.25
21,33,725424.54,4162641.8
21,34,725423.25,4162642.25
21,35,725420.25,4162640.25
21,36,725417.75,4162638.25
21,37,725414.25,4162636.75
21,38,725411.25,4162634.25
21,39,725409.59,4162634.29
21,40,725407.75,4162632.75
21,41,725404.75,4162630.75
21,42,725402.25,4162627.75
21,43,725398.25,4162626.25
21,44,725395.75,4162624.25
21,45,725393.25,4162622.75
21,46,725389.75,4162620.25
21,47,725386.25,4162618.25
21,48,725385.25,4162616.75
21,49,725380.84,4162615.6
22,1,725495.75,4162686.75
22,2,725492.75,4162684.25
22,3,725491.25,4162683.75
22,4,725488.25,4162681.75
22,5,725486.75,4162680.25
22,6,725485.25,4162679.75
22,7,725483.75,4162678.25
22,8,725481.75,4162677.25
22,9,725480.57,4162676.4
22,10,725478.75,4162675.25
22,11,725477.75,4162674.75
22,12,725476.0,4162673.31
22,13,725474.25,4162672.75
22,14,725472.75,4162671.25
22,15,725471.13,4162670.39
22,16,725470.25,4162669.75
22,17,725468.25,4162668.25
22,18,725467.25,4162667.15
22,19,725465.25,4162666.75
22,20,725463.75,4162665.75
22,21,725460.75,4162663.25
22,22,725458.25,4162661.75
22,23,725455.25,4162659.75
22,24,725452.25,4162657.75
22,25,725449.25,4162655.75
22,26,725443.75,4162652.25
22,27,725440.25,4162649.75
22,28,725437.09,4162646.94
22,29,725433.75,4162645.75
22,30,725430.75,4162643.75
22,31,725427.75,4162642.25
22,32,725425.25,4162639.75
22,33,725421.75,4162637.75
22,34,725415.75,4162633.75
22,35,725412.75,4162631.75
22,36,725409.75,4162630.25
22,37,725406.75,4162628.25
22,38,725403.25,4162625.25
22,39,725400.25,4162624.25
22,40,725397.25,4162621.75
22,41,725394.25,4162619.75
22,42,725391.25,4162617.75
22,43,725388.25,4162615.25
22,44,725383.75,4162611.75
23,1,725505.75,4162688.75
23,2,725502.75,4162687.25
23,3,725500.75,4162685.25
23,4,725497.25,4162684.25
23,5,725496.25,4162682.25
23,6,725492.75,4162680.75
23,7,725491.25,4162679.75
23,8,725489.82,4162678.66
23,9,725488.25,4162677.75
23,10,725485.25,4162675.75
23,11,725483.75,4162674.75
23,12,725482.25,4162673.75
23,13,725480.75,4162672.75
23,14,725479.25,4162671.75
23,15,725478.32,4162670.97
23,16,725476.25,4162669.75
23,17,725474.25,4162668.75
23,18,725471.75,4162666.75
23,19,725468.25,4162664.75
23,20,725466.44,4162664.06
23,21,725463.75,4162662.25
23,22,725462.25,4162660.75
23,23,725459.75,4162659.25
23,24,725457.25,4162657.75
23,25,725454.25,4162655.25
23,26,725453.66,4162654.24
23,27,725450.75,4162653.25
23,28,725444.75,4162649.25
23,29,725441.25,4162647.25
23,30,725438.25,4162644.75
23,31,725435.75,4162643.25
23,32,725432.25,4162641.25
23,33,725429.25,4162639.25
23,34,725426.75,4162637.25
23,35,725423.25,4162635.75
23,36,725416.75,4162631.25
23,37,725411.25,4162627.25
23,38,725408.25,4162625.25
23,39,725405.25,4162623.75
23,40,725402.25,4162621.25
23,41,725398.75,4162619.25
23,42,725395.75,4162617.25
23,43,725392.75,4162615.25
23,44,725389.75,4162613.25
23,45,725381.24,4162608.09
24,1,725505.25,4162684.25
24,2,725502.25,4162682.25
24,3,725499.25,4162681.25
24,4,725498.25,4162680.25
24,5,725495.75,4162679.75
24,6,725493.25,4162677.25
24,7,725491.75,4162676.25
24,8,725490.14,4162675.54
24,9,725488.25,4162674.75
24,10,725486.75,4162672.75
24,11,725484.25,4162671.25
24,12,725480.75,4162669.25
24,13,725477.75,4162667.25
24,14,725476.16,4162666.52
24,15,725474.75,4162665.25
24,16,725471.75,4162663.25
24,17,725468.75,4162661.25
24,18,725465.25,4162659.25
24,19,725461.75,4162656.75
24,20,725458.75,4162654.75
24,21,725455.25,4162652.75
24,22,725452.25,4162650.75
24,23,725450.45,4162647.75
24,24,725449.25,4162649.25
24,25,725446.75,4162647.25
24,26,725443.25,4162644.75
24,27,725440.25,4162642.75
24,28,725437.25,4162640.75
24,29,725433.75,4162638.75
24,30,725430.25,4162635.75
24,31,725424.75,4162632.75
24,32,725421.75,4162630.75
24,33,725418.75,4162628.75
24,34,725413.25,4162625.25
24,35,725409.75,4162622.75
24,36,725406.75,4162620.75
24,37,725403.75,4162618.75
24,38,725400.25,4162616.75
24,39,725397.25,4162614.75
24,40,725394.25,4162612.75
24,41,725391.25,4162610.75
25,1,725509.25,4162683.75
25,2,725500.75,4162678.75
25,3,725499.5,4162678.79
25,4,725495.25,4162675.25
25,5,725492.75,4162673.75
25,6,725491.25,4162672.75
25,7,725488.75,4162670.75
25,8,725486.75,4162669.75
25,9,725484.25,4162668.25
25,10,725482.25,4162666.75
25,11,725479.25,4162664.75
25,12,725477.68,4162663.7
25,13,725476.25,4162662.75
25,14,725474.75,4162661.25
25,15,725470.25,4162658.75
25,16,725468.75,4162657.75
25,17,725465.75,4162655.75
25,18,725464.88,4162654.12
25,19,725463.25,4162654.25
25,20,725460.25,4162652.25
25,21,725456.75,4162650.25
25,22,725453.75,4162648.25
25,23,725451.25,4162646.25
25,24,725448.25,4162644.75
25,25,725444.75,4162642.25
25,26,725441.75,4162640.25
25,27,725438.75,4162638.25
25,28,725435.75,4162636.25
25,29,725432.75,4162634.25
25,30,725429.25,4162632.25
25,31,725426.75,4162630.25
25,32,725420.25,4162626.75
25,33,725417.25,4162624.75
25,34,725414.25,4162622.75
25,35,725411.75,4162620.25
25,36,725405.25,4162616.25
25,37,725402.75,4162614.75
25,38,725399.25,4162612.25
25,39,725392.75,4162608.25
25,40,725389.25,4162604.75
25,41,725385.78,4162603.9
26,1,725512.75,4162681.75
26,2,725510.1,4162679.73
26,3,725507.75,4162679.25
26,4,725502.25,4162676.25
26,5,725499.25,4162674.75
26,6,725497.75,4162673.25
26,7,725496.25,4162672.25
26,8,725494.25,4162671.25
26,9,725492.33,4162670.61
26,10,725489.75,4162668.75
26,11,725486.75,4162666.25
26,12,725483.75,4162664.25
26,13,725480.75,4162662.25
26,14,725479.29,4162660.67
26,15,725477.75,4162660.25
26,16,725476.39,4162659.17
26,17,725474.75,4162658.25
26,18,725472.48,4162657.22
26,19,725470.75,4162654.75
26,20,725468.75,4162654.25
26,21,725467.25,4162652.75
26,22,725461.75,4162649.75
26,23,725459.25,4162647.75
26,24,725455.75,4162645.75
26,25,725452.75,4162644.25
26,26,725449.75,4162641.75
26,27,725443.25,4162637.75
26,28,725440.75,4162635.75
26,29,725437.25,4162633.75
26,30,725434.75,4162632.25
26,31,725431.75,4162629.75
26,32,725428.75,4162627.75
26,33,725425.25,4162626.25
26,34,725422.25,4162623.75
26,35,725419.25,4162622.25
26,36,725416.25,4162619.25
26,37,725412.75,4162617.75
26,38,725409.75,4162615.75
26,39,725408.86,4162616.55
26,40,725407.25,4162613.75
26,41,725403.75,4162611.75
26,42,725397.75,4162608.25
26,43,725394.75,4162605.75
26,44,725386.25,4162600.75
27,1,725508.25,4162675.25
27,2,725501.75,4162671.75
27,3,725500.3,4162669.81
27,4,725498.75,4162669.75
27,5,725496.75,4162668.75
27,6,725494.75,4162667.75
27,7,725492.25,4162665.75
27,8,725490.61,4162664.51
27,9,725489.25,4162663.75
27,10,725486.25,4162661.75
27,11,725482.75,4162659.75
27,12,725480.75,4162659.25
27,13,725480.25,4162657.25
27,14,725476.75,4162655.75
27,15,725475.75,4162654.75
27,16,725473.75,4162653.25
27,17,725472.25,4162652.75
27,18,725470.25,4162651.75
27,19,725468.25,4162649.25
27,20,725466.75,4162648.25
27,21,725464.75,4162648.25
27,22,725463.53,4162646.49
27,23,725461.25,4162645.75
27,24,725460.75,4162644.25
27,25,725458.75,4162643.75
27,26,725457.25,4162642.75
27,27,725452.8,4162639.77
27,28,725451.25,4162638.75
27,29,725449.25,4162637.75
27,30,725446.25,4162635.75
27,31,725444.88,4162635.22
27,32,725443.25,4162634.25
27,33,725441.25,4162632.71
27,34,725440.25,4162631.75
27,35,725437.25,4162629.75
27,36,725433.75,4162628.25
27,37,725429.75,4162625.25
27,38,725426.75,4162623.75
27,39,725421.66,4162620.76
27,40,725420.75,4162619.25
27,41,725417.75,4162617.25
27,42,725413.75,4162615.75
27,43,725411.25,4162613.75
27,44,725408.75,4162611.25
27,45,725399.75,4162605.25
27,46,725396.25,4162603.75
28,1,725512.25,4162673.25
28,2,725506.25,4162671.25
28,3,725501.25,4162668.25
28,4,725496.56,4162666.05
28,5,725495.25,4162664.25
28,6,725492.25,4162662.25
28,7,725488.25,4162659.25
28,8,725486.25,4162658.25
28,9,725484.75,4162657.25
28,10,725482.75,4162656.25
28,11,725478.25,4162653.25
28,12,725477.25,4162651.75
28,13,725474.25,4162650.25
28,14,725472.75,4162648.75
28,15,725470.75,4162647.75
28,16,725466.25,4162645.25
28,17,725464.75,4162644.25
28,18,725460.74,4162642.66
28,19,725460.25,4162641.25
28,20,725458.75,4162640.25
28,21,725457.25,4162639.25
28,22,725455.75,4162638.25
28,23,725453.81,4162637.48
28,24,725452.25,4162635.75
28,25,725449.75,4162634.25
28,26,725448.25,4162633.25
28,27,725446.25,4162632.25
28,28,725444.75,4162631.25
28,29,725443.25,4162630.25
28,30,725441.75,4162629.25
28,31,725440.25,4162628.25
28,32,725436.75,4162626.25
28,33,725434.25,4162624.25
28,34,725431.25,4162623.25
28,35,725428.75,4162621.25
28,36,725425.25,4162618.75
28,37,725421.75,4162617.25
28,38,725419.25,4162615.25
28,39,725416.25,4162613.25
28,40,725412.75,4162611.25
28,41,725410.25,4162608.75
28,42,725407.25,4162606.75
28,43,725404.25,4162604.75
28,44,725401.75,4162602.25
28,45,725397.75,4162600.75
28,46,725393.75,4162597.25
29,1,725511.75,4162669.25
29,2,725508.25,4162669.25
29,3,725506.25,4162667.75
29,4,725503.75,4162665.75
29,5,725501.75,4162664.75
29,6,725501.42,4162662.91
29,7,725498.75,4162662.75
29,8,725495.75,4162660.75
29,9,725494.25,4162659.75
29,10,725492.75,4162658.75
29,11,725490.75,4162657.75
29,12,725489.25,4162656.75
29,13,725488.25,4162655.75
29,14,725484.75,4162653.75
29,15,725482.25,4162651.25
29,16,725480.55,4162650.05
29,17,725479.25,4162649.75
29,18,725475.75,4162647.75
29,19,725474.25,4162646.25
29,20,725470.75,4162644.75
29,21,725468.25,4162642.25
29,22,725465.75,4162641.75
29,23,725462.25,4162638.75
29,24,725460.25,4162637.75
29,25,725457.25,4162635.75
29,26,725454.15,4162633.73
29,27,725452.75,4162632.75
29,28,725449.75,4162630.25
29,29,725446.75,4162628.75
29,30,725443.25,4162626.25
29,31,725440.75,4162624.75
29,32,725437.75,4162622.75
29,33,725435.25,4162621.75
29,34,725433.25,4162620.75
29,35,725430.25,4162618.75
29,36,725427.25,4162616.75
29,37,725424.25,4162614.75
29,38,725421.25,4162612.25
29,39,725418.25,4162610.25
29,40,725414.75,4162608.25
29,41,725411.75,4162606.75
29,42,725408.75,4162604.25
29,43,725405.75,4162602.25
29,44,725404.93,4162600.21
29,45,725402.75,4162600.25
29,46,725395.25,4162596.25
30,1,725509.25,4162666.25
30,2,725508.25,4162664.75
30,3,725506.25,4162663.75
30,4,725504.75,4162663.25
30,5,725502.25,4162661.25
30,6,725500.25,4162660.25
30,7,725498.25,4162659.25
30,8,725495.75,4162656.75
30,9,725492.75,4162655.25
30,10,725489.75,4162652.75
30,11,725487.75,4162652.25
30,12,725485.25,4162649.75
30,13,725480.25,4162647.25
30,14,725479.25,4162646.25
30,15,725477.25,4162644.75
30,16,725475.25,4162643.75
30,17,725472.75,4162642.25
30,18,725469.75,4162640.25
30,19,725467.75,4162639.75
30,20,725465.25,4162637.25
30,21,725463.25,4162635.75
30,22,725460.75,4162634.25
30,23,725458.75,4162633.25
30,24,725456.84,4162632.27
30,25,725455.75,4162631.25
30,26,725452.75,4162629.75
30,27,725450.75,4162628.25
30,28,725448.25,4162626.25
30,29,725444.75,4162624.75
30,30,725442.25,4162622.25
30,31,725440.25,4162621.75
30,32,725438.75,4162620.75
30,33,725434.75,4162618.25
30,34,725431.75,4162616.25
30,35,725428.75,4162613.75
30,36,725425.75,4162611.75
30,37,725422.25,4162610.25
30,38,725419.75,4162607.75
30,39,725416.75,4162605.75
30,40,725414.25,4162604.25
30,41,725410.75,4162601.75
30,42,725404.75,4162598.25
30,43,725400.4,4162596.0
31,1,725515.25,4162666.75
31,2,725513.72,4162664.92
31,3,725511.75,4162663.75
31,4,725509.25,4162662.75
31,5,725508.25,4162661.25
31,6,725503.25,4162659.25
31,7,725501.75,4162657.75
31,8,725500.38,4162656.64
31,9,725498.56,4162655.69
31,10,725497.25,4162654.75
31,11,725494.75,4162652.75
31,12,725491.25,4162650.75
31,13,725488.25,4162648.75
31,14,725486.75,4162646.75
31,15,725484.75,4162646.75
31,16,725482.25,4162644.75
31,17,725480.25,4162643.25
31,18,725477.75,4162641.25
31,19,725473.25,4162638.25
31,20,725469.75,4162636.75
31,21,725466.25,4162634.75
31,22,725462.25,4162631.75
31,23,725459.25,4162629.75
31,24,725457.75,4162628.75
31,25,725455.75,4162627.75
31,26,725454.42,4162626.81
31,27,725452.75,4162625.75
31,28,725449.75,4162623.75
31,29,725447.75,4162622.75
31,30,725446.91,4162621.74
31,31,725445.75,4162621.25
31,32,725443.73,4162619.59
31,33,725442.25,4162618.75
31,34,725440.25,4162617.75
31,35,725438.65,4162616.8
31,36,725436.75,4162615.25
31,37,725433.75,4162613.75
31,38,725430.25,4162611.25
31,39,725424.25,4162607.75
31,40,725421.25,4162605.25
31,41,725419.41,4162602.34
31,42,725418.25,4162603.25
31,43,725415.25,4162601.25
31,44,725412.25,4162599.25
31,45,725409.25,4162597.25
31,46,725406.25,4162595.25
31,47,725402.75,4162593.25
31,48,725399.25,4162591.25
31,49,725396.75,4162588.25
32,1,725517.74,4162663.87
32,2,725511.25,4162660.25
32,3,725506.75,4162657.75
32,4,725503.25,4162655.25
32,5,725501.75,4162653.75
32,6,725500.33,4162652.29
32,7,725498.75,4162652.25
32,8,725497.25,4162651.25
32,9,725494.49,4162649.14
32,10,725493.25,4162648.25
32,11,725490.25,4162646.25
32,12,725488.75,4162644.25
32,13,725486.75,4162644.25
32,14,725485.25,4162643.25
32,15,725482.25,4162641.25
32,16,725479.25,4162639.25
32,17,725475.75,4162636.75
32,18,725474.25,4162636.25
32,19,725472.25,4162634.75
32,20,725471.25,4162633.75
32,21,725469.66,4162633.1
32,22,725468.25,4162632.25
32,23,725466.81,4162631.05
32,24,725465.25,4162629.75
32,25,725463.75,4162629.25
32,26,725462.25,4162628.25
32,27,725458.75,4162626.25
32,28,725457.25,4162625.25
32,29,725454.25,4162623.25
32,30,725453.25,4162621.75
32,31,725449.75,4162620.25
32,32,725446.25,4162618.25
32,33,725443.75,4162616.25
32,34,725440.25,4162614.25
32,35,725438.25,4162612.75
32,36,725432.25,4162608.25
32,37,725428.75,4162607.25
32,38,725425.75,4162604.75
32,39,725422.75,4162602.75
32,40,725420.25,4162600.75
32,41,725416.75,4162598.75
32,42,725413.75,4162596.75
32,43,725407.75,4162592.75
32,44,725404.25,4162590.75
32,45,725398.75,4162585.25
33,1,725517.25,4162660.25
33,2,725514.75,4162658.75
33,3,725512.75,4162657.75
33,4,725508.75,4162654.75
33,5,725507.25,4162653.25
33,6,725504.25,4162651.75
33,7,725502.25,4162650.75
33,8,725500.75,4162649.75
33,9,725499.25,4162648.75
33,10,725497.69,4162647.88
33,11,725495.25,4162645.25
33,12,725493.25,4162644.75
33,13,725491.75,4162643.75
33,14,725490.25,4162642.75
33,15,725485.75,4162639.75
33,16,725483.75,4162638.25
33,17,725480.75,4162636.75
33,18,725477.25,4162634.25
33,19,725474.25,4162632.25
33,20,725472.75,4162631.25
33,21,725471.25,4162630.25
33,22,725469.75,4162629.75
33,23,725467.95,4162628.65
33,24,725466.71,4162627.52
33,25,725465.75,4162626.75
33,26,725463.75,4162625.25
33,27,725461.75,4162624.75
33,28,725460.45,4162623.9
33,29,725458.75,4162622.75
33,30,725457.25,4162621.75
33,31,725455.25,4162620.75
33,32,725451.25,4162617.75
33,33,725449.75,4162616.75
33,34,725448.22,4162615.79
33,35,725447.1,4162615.86
33,36,725446.75,4162614.75
33,37,725445.25,4162613.25
33,38,725441.75,4162611.75
33,39,725439.75,4162610.75
33,40,725436.75,4162608.75
33,41,725434.46,4162606.2
33,42,725433.25,4162606.75
33,43,725430.75,4162604.25
33,44,725427.75,4162602.25
33,45,725421.75,4162597.75
33,46,725419.63,4162595.66
33,47,725418.75,4162596.75
33,48,725415.25,4162594.25
33,49,725412.75,4162592.25
33,50,725409.75,4162590.25
33,51,725406.25,4162588.75
33,52,725404.36,4162586.87
33,53,725402.75,4162587.25
34,1,725521.25,4162658.75
34,2,725516.25,4162655.75
34,3,725512.75,4162654.25
34,4,725510.25,4162652.25
34,5,725508.75,4162651.25
34,6,725507.25,4162649.75
34,7,725505.75,4162648.75
34,8,725503.75,4162647.75
34,9,725500.75,4162646.25
34,10,725499.25,4162644.75
34,11,725496.75,4162642.75
34,12,725493.75,4162640.75
34,13,725491.75,4162639.75
34,14,725490.04,4162639.21
34,15,725487.25,4162636.75
34,16,725483.75,4162635.25
34,17,725482.25,4162633.75
34,18,725479.25,4162631.75
34,19,725476.25,4162629.75
34,20,725474.75,4162628.75
34,21,725471.75,4162626.75
34,22,725470.25,4162625.75
34,23,725466.91,4162624.04
34,24,725463.75,4162621.75
34,25,725462.17,4162620.68
34,26,725460.75,4162620.25
34,27,725459.25,4162618.75
34,28,725457.75,4162618.25
34,29,725456.25,4162616.75
34,30,725454.75,4162616.25
34,31,725453.25,4162615.25
34,32,725451.75,4162614.25
34,33,725450.25,4162613.25
34,34,725448.25,4162611.75
34,35,725445.39,4162610.23
34,36,725443.75,4162609.25
34,37,725441.25,4162607.75
34,38,725438.25,4162605.75
34,39,725435.25,4162603.75
34,40,725432.25,4162601.75
34,41,725429.75,4162599.25
34,42,725426.75,4162597.75
34,43,725423.75,4162595.75
34,44,725420.25,4162594.25
34,45,725417.25,4162591.75
34,46,725413.75,4162589.75
34,47,725411.25,4162587.25
34,48,725407.75,4162585.75
34,49,725404.75,4162583.25
35,1,725526.25,4162657.75
35,2,725522.75,4162657.25
35,3,725518.74,4162655.44
35,4,725518.25,4162652.25
35,5,725516.95,4162654.02
35,6,725512.25,4162649.75
35,7,725510.25,4162648.25
35,8,725508.76,4162647.42
35,9,725507.15,4162646.27
35,10,725505.78,4162645.41
35,11,725504.25,4162644.25
35,12,725499.75,4162641.25
35,13,725496.75,4162639.25
35,14,725492.25,4162636.25
35,15,725490.25,4162635.25
35,16,725486.25,4162632.25
35,17,725484.44,4162631.01
35,18,725482.75,4162630.75
35,19,725481.25,4162629.25
35,20,725479.25,4162628.25
35,21,725476.75,4162626.75
35,22,725474.75,4162625.25
35,23,725473.41,4162624.45
35,24,725471.75,4162623.75
35,25,725470.25,4162622.25
35,26,725467.75,4162620.25
35,27,725465.75,4162619.25
35,28,725464.25,4162617.75
35,29,725462.25,4162617.25
35,30,725461.04,4162616.35
35,31,725459.25,4162615.25
35,32,725456.25,4162613.25
35,33,725454.92,4162612.42
35,34,725453.25,4162611.75
35,35,725451.75,4162610.75
35,36,725448.75,4162608.25
35,37,725447.25,4162607.75
35,38,725443.25,4162605.25
35,39,725440.25,4162603.25
35,40,725437.25,4162601.25
35,41,725433.75,4162599.25
35,42,725431.25,4162596.75
35,43,725428.25,4162595.25
35,44,725424.75,4162593.25
35,45,725422.25,4162591.25
35,46,725418.75,4162589.25
35,47,725415.47,4162589.1
35,48,725415.75,4162587.25
35,49,725412.75,4162584.75
35,50,725409.75,4162582.75
35,51,725403.75,4162578.75
35,52,725400.75,4162578.25
36,1,725524.77,4162653.51
36,2,725522.75,4162651.75
36,3,725518.75,4162649.75
36,4,725516.25,4162649.25
36,5,725514.75,4162647.75
36,6,725511.75,4162646.25
36,7,725510.25,4162644.75
36,8,725508.74,4162644.01
36,9,725507.25,4162643.25
36,10,725505.75,4162641.75
36,11,725502.75,4162639.75
36,12,725501.04,4162638.99
36,13,725499.75,4162638.25
36,14,725496.75,4162636.25
36,15,725495.25,4162634.75
36,16,725493.25,4162633.75
36,17,725490.25,4162631.75
36,18,725488.75,4162630.75
36,19,725487.63,4162629.84
36,20,725485.75,4162628.75
36,21,725484.25,4162628.25
36,22,725481.25,4162625.75
36,23,725477.75,4162623.75
36,24,725476.47,4162622.8
36,25,725474.75,4162621.75
36,26,725473.25,4162621.25
36,27,725471.84,4162620.28
36,28,725468.75,4162618.25
36,29,725467.25,4162616.75
36,30,725465.25,4162615.75
36,31,725462.75,4162613.75
36,32,725459.25,4162612.25
36,33,725458.02,4162611.49
36,34,725456.25,4162610.25
36,35,725455.25,4162608.75
36,36,725451.75,4162607.25
36,37,725450.75,4162606.25
36,38,725449.75,4162605.75
36,39,725448.75,4162604.75
36,40,725446.75,4162604.25
36,41,725444.3,4162603.34
36,42,725442.25,4162600.75
36,43,725438.75,4162598.75
36,44,725435.75,4162596.75
36,45,725434.75,4162597.75
36,46,725432.75,4162594.25
36,47,725429.25,4162592.75
36,48,725426.25,4162590.75
36,49,725423.25,4162588.75
36,50,725420.75,4162586.25
36,51,725417.75,4162584.75
36,52,725414.75,4162582.75
36,53,725411.25,4162580.75
36,54,725407.25,4162578.75
37,1,725527.25,4162651.25
37,2,725524.25,4162648.25
37,3,725521.25,4162648.75
37,4,725517.75,4162646.75
37,5,725515.25,4162644.25
37,6,725513.25,4162643.75
37,7,725511.75,4162642.25
37,8,725505.75,4162638.75
37,9,725504.29,4162637.68
37,10,725502.75,4162636.75
37,11,725498.25,4162633.25
37,12,725495.75,4162631.25
37,13,725493.75,4162630.75
37,14,725491.25,4162628.75
37,15,725489.75,4162627.25
37,16,725487.75,4162626.25
37,17,725486.25,4162625.25
37,18,725484.25,4162624.25
37,19,725482.25,4162622.75
37,20,725480.84,4162621.96
37,21,725474.75,4162618.75
37,22,725471.75,4162616.25
37,23,725470.25,4162615.25
37,24,725468.75,4162614.25
37,25,725466.75,4162613.75
37,26,725464.25,4162611.75
37,27,725461.25,4162609.25
37,28,725459.75,4162608.25
37,29,725457.25,4162605.75
37,30,725453.25,4162604.75
37,31,725452.01,4162603.86
37,32,725450.25,4162602.25
37,33,725448.25,4162601.75
37,34,725441.9,4162596.64
37,35,725440.25,4162596.25
37,36,725437.25,4162594.25
37,37,725434.75,4162591.75
37,38,725431.25,4162590.25
37,39,725428.25,4162587.75
37,40,725425.25,4162585.75
37,41,725422.75,4162583.75
37,42,725419.25,4162581.75
37,43,725415.75,4162579.75
37,44,725412.75,4162577.75
37,45,725406.25,4162574.25
37,46,725403.75,4162572.25
38,1,725519.25,4162643.75
38,2,725516.75,4162641.75
38,3,725514.75,4162640.75
38,4,725513.75,4162640.25
38,5,725511.75,4162638.75
38,6,725509.25,4162636.75
38,7,725507.25,4162635.75
38,8,725504.25,4162633.75
38,9,725503.01,4162632.46
38,10,725501.25,4162631.75
38,11,725498.54,4162629.63
38,12,725496.75,4162628.75
38,13,725495.75,4162627.75
38,14,725492.75,4162625.25
38,15,725490.75,4162624.25
38,16,725487.75,4162622.25
38,17,725485.75,4162621.25
38,18,725484.25,4162620.25
38,19,725482.25,4162619.75
38,20,725479.75,4162617.75
38,21,725477.75,4162616.75
38,22,725475.24,4162614.04
38,23,725473.6,4162613.51
38,24,725471.75,4162612.75
38,25,725470.25,4162611.75
38,26,725467.25,4162609.75
38,27,725464.25,4162607.25
38,28,725462.25,4162605.75
38,29,725459.75,4162604.75
38,30,725458.75,4162603.75
38,31,725456.25,4162603.25
38,32,725453.25,4162600.75
38,33,725452.38,4162599.11
38,34,725450.75,4162598.75
38,35,725448.25,4162597.25
38,36,725445.25,4162595.75
38,37,725442.25,4162593.75
38,38,725438.75,4162591.25
38,39,725435.75,4162589.25
38,40,725432.75,4162587.75
38,41,725430.25,4162585.25
38,42,725426.75,4162583.25
38,43,725420.75,4162579.25
38,44,725417.75,4162577.25
38,45,725414.25,4162575.25
38,46,725411.25,4162572.75
38,47,725408.25,4162569.75
39,1,725532.75,4162649.25
39,2,725529.75,4162647.75
39,3,725527.75,4162645.75
39,4,725524.75,4162643.25
39,5,725521.75,4162641.25
39,6,725520.25,4162640.75
39,7,725518.75,4162639.25
39,8,725517.11,4162638.26
39,9,725515.25,4162637.25
39,10,725514.25,4162636.25
39,11,725512.3,4162635.35
39,12,725510.75,4162633.75
39,13,725507.75,4162631.75
39,14,725505.75,4162631.25
39,15,725501.75,4162628.25
39,16,725500.25,4162626.75
39,17,725499.25,4162625.75
39,18,725495.75,4162624.25
39,19,725494.25,4162622.75
39,20,725492.75,4162621.75
39,21,725489.75,4162619.75
39,22,725488.25,4162619.25
39,23,725486.25,4162618.25
39,24,725484.88,4162617.12
39,25,725483.25,4162615.75
39,26,725480.25,4162613.75
39,27,725477.25,4162612.25
39,28,725475.66,4162610.53
39,29,725474.25,4162610.25
39,30,725472.56,4162608.46
39,31,725468.25,4162605.75
39,32,725466.6,4162605.53
39,33,725464.75,4162604.25
39,34,725463.25,4162602.75
39,35,725461.75,4162602.25
39,36,725459.25,4162600.25
39,37,725457.25,4162598.75
39,38,725452.75,4162596.25
39,39,725450.25,4162595.25
39,40,725447.25,4162592.75
39,41,725443.75,4162590.75
39,42,725441.25,4162588.75
39,43,725437.75,4162587.25
39,44,725435.25,4162585.25
39,45,725432.25,4162582.75
39,46,725429.25,4162580.75
39,47,725425.75,4162578.75
39,48,725422.75,4162576.75
39,49,725419.25,4162574.75
39,50,725416.75,4162572.75
39,51,725411.75,4162570.75
40,1,725528.75,4162643.75
40,2,725526.75,4162640.75
40,3,725524.25,4162639.75
40,4,725519.75,4162636.75
40,5,725516.75,4162634.75
40,6,725515.75,4162633.75
40,7,725512.75,4162631.75
40,8,725511.25,4162630.75
40,9,725508.75,4162628.25
40,10,725506.75,4162627.75
40,11,725503.75,4162625.25
40,12,725501.75,4162623.75
40,13,725498.75,4162622.75
40,14,725497.25,4162621.75
40,15,725495.75,4162620.25
40,16,725492.75,4162618.75
40,17,725491.25,4162617.25
40,18,725489.75,4162616.25
40,19,725487.75,4162615.25
40,20,725480.25,4162610.25
40,21,725478.75,4162608.75
40,22,725475.75,4162607.75
40,23,725472.25,4162605.75
40,24,725469.67,4162603.65
40,25,725468.25,4162602.75
40,26,725466.75,4162601.75
40,27,725464.75,4162600.76
40,28,725463.75,4162599.75
40,29,725460.75,4162597.75
40,30,725458.75,4162596.75
40,31,725457.25,4162595.75
40,32,725455.75,4162593.75
40,33,725453.93,4162593.78
40,34,725451.75,4162592.25
40,35,725448.75,4162590.25
40,36,725445.75,4162588.75
40,37,725443.25,4162586.25
40,38,725439.25,4162584.25
40,39,725436.25,4162582.75
40,40,725433.25,4162580.25
40,41,725430.25,4162577.75
40,42,725427.25,4162576.25
40,43,725414.26,4162567.21
40,44,725412.75,4162567.75
41,1,725533.25,4162643.25
41,2,725534.25,4162641.25
41,3,725532.25,4162639.25
41,4,725527.75,4162638.25
41,5,725524.75,4162636.25
41,6,725523.74,4162634.88
41,7,725522.25,4162634.25
41,8,725520.53,4162633.41
41,9,725517.25,4162631.25
41,10,725515.75,4162629.75
41,11,725513.25,4162628.25
41,12,725511.3,4162627.31
41,13,725510.25,4162625.75
41,14,725506.75,4162624.25
41,15,725504.75,4162622.75
41,16,725503.75,4162624.0
41,17,725500.75,4162619.75
41,18,725497.75,4162617.75
41,19,725496.25,4162617.25
41,20,725494.75,4162615.75
41,21,725492.75,4162614.25
41,22,725490.25,4162613.25
41,23,725487.25,4162611.25
41,24,725483.75,4162609.25
41,25,725480.75,4162607.25
41,26,725477.75,4162605.25
41,27,725474.75,4162603.25
41,28,725469.25,4162599.25
41,29,725465.75,4162597.25
41,30,725462.75,4162595.25
41,31,725457.98,4162591.28
41,32,725456.25,4162591.75
41,33,725453.25,4162589.75
41,34,725450.25,4162588.25
41,35,725447.25,4162586.25
41,36,725444.25,4162583.75
41,37,725437.75,4162580.25
41,38,725435.75,4162577.75
41,39,725431.75,4162576.25
41,40,725429.25,4162573.75
41,41,725425.75,4162571.75
41,42,725422.75,4162569.75
41,43,725415.31,4162563.78
41,44,725414.25,4162565.25
42,1,725536.25,4162637.75
42,2,725529.25,4162635.75
42,3,725526.75,4162633.75
42,4,725524.75,4162632.75
42,5,725520.25,4162629.75
42,6,725518.75,4162628.25
42,7,725516.25,4162626.75
42,8,725513.25,4162624.75
42,9,725511.75,4162623.75
42,10,725510.25,4162622.25
42,11,725508.25,4162621.25
42,12,725505.75,4162619.25
42,13,725504.19,4162618.26
42,14,725502.75,4162617.25
42,15,725500.75,4162616.25
42,16,725497.75,4162614.75
42,17,725494.75,4162612.25
42,18,725492.25,4162610.75
42,19,725488.75,4162609.25
42,20,725485.75,4162606.75
42,21,725482.75,4162604.75
42,22,725479.25,4162602.75
42,23,725476.75,4162600.75
42,24,725473.25,4162599.25
42,25,725470.25,4162596.75
42,26,725467.25,4162594.75
42,27,725464.25,4162592.75
42,28,725457.75,4162589.25
42,29,725454.75,4162587.25
42,30,725451.75,4162585.25
42,31,725448.75,4162583.25
42,32,725446.25,4162581.25
42,33,725442.25,4162578.75
42,34,725436.75,4162575.25
42,35,725433.25,4162573.25
42,36,725432.09,4162571.74
42,37,725430.75,4162570.75
42,38,725429.35,4162570.46
42,39,725427.25,4162569.25
42,40,725424.25,4162567.25
42,41,725421.25,4162565.25
42,42,725417.75,4162560.75
43,1,725534.25,4162634.25
43,2,725532.47,4162631.89
43,3,725530.25,4162632.25
43,4,725528.25,4162631.25
43,5,725526.75,4162630.25
43,6,725525.11,4162629.33
43,7,725522.75,4162627.25
43,8,725520.25,4162626.25
43,9,725520.43,4162624.03
43,10,725517.91,4162623.76
43,11,725516.31,4162623.39
43,12,725514.75,4162622.25
43,13,725513.25,4162621.25
43,14,725511.75,4162620.25
43,15,725509.75,4162618.75
43,16,725508.25,4162618.25
43,17,725506.25,4162616.25
43,18,725503.75,4162615.25
43,19,725502.75,4162613.75
43,20,725499.75,4162612.25
43,21,725493.75,4162608.25
43,22,725490.25,4162606.75
43,23,725484.25,4162602.25
43,24,725480.75,4162600.25
43,25,725478.25,4162598.25
43,26,725475.25,4162596.75
43,27,725471.75,4162594.75
43,28,725469.25,4162592.25
43,29,725465.75,4162590.75
43,30,725462.75,4162588.75
43,31,725459.75,4162586.25
43,32,725456.75,4162584.75
43,33,725453.75,4162582.75
43,34,725450.75,4162580.75
43,35,725447.25,4162578.75
43,36,725444.25,4162576.75
43,37,725441.25,4162575.25
43,38,725438.75,4162572.75
43,39,725435.75,4162570.25
43,40,725432.25,4162568.75
43,41,725429.25,4162566.75
43,42,725426.25,4162564.75
43,43,725423.25,4162562.75
44,1,725538.25,4162634.25
44,2,725535.3,4162632.02
44,3,725532.34,4162629.5
44,4,725529.75,4162628.75
44,5,725526.75,4162626.75
44,6,725525.75,4162625.75
44,7,725523.75,4162624.75
44,8,725522.25,4162623.25
44,9,725519.75,4162621.75
44,10,725517.75,4162620.75
44,11,725514.75,4162618.75
44,12,725513.13,4162617.67
44,13,725511.75,4162616.75
44,14,725510.25,4162615.75
44,15,725508.25,4162614.75
44,16,725507.25,4162612.75
44,17,725505.75,4162612.25
44,18,725502.75,4162610.25
44,19,725499.25,4162608.75
44,20,725497.75,4162607.25
44,21,725495.25,4162605.25
44,22,725491.75,4162603.75
44,23,725488.75,4162601.75
44,24,725485.75,4162599.75
44,25,725479.75,4162596.25
44,26,725476.75,4162593.75
44,27,725473.25,4162592.25
44,28,725470.25,4162589.75
44,29,725466.75,4162587.75
44,30,725464.25,4162586.25
44,31,725462.98,4162585.57
44,32,725461.16,4162585.25
44,33,725458.49,4162582.25
44,34,725455.25,4162580.25
44,35,725452.25,4162578.25
44,36,725449.75,4162576.25
44,37,725446.25,4162574.25
44,38,725443.25,4162572.25
44,39,725439.75,4162570.25
44,40,725436.75,4162568.25
44,41,725434.73,4162565.84
44,42,725430.75,4162564.25
44,43,725427.75,4162562.25
44,44,725424.25,4162559.75
44,45,725420.25,4162558.25
45,1,725534.25,4162628.75
45,2,725532.75,4162627.25
45,3,725529.75,4162625.25
45,4,725528.27,4162624.04
45,5,725525.25,4162622.25
45,6,725522.25,4162619.75
45,7,725519.25,4162618.25
45,8,725516.25,4162616.25
45,9,725513.26,4162614.3
45,10,725511.75,4162613.25
45,11,725510.25,4162611.75
45,12,725507.25,4162609.75
45,13,725502.75,4162606.75
45,14,725500.75,4162605.75
45,15,725499.25,4162604.75
45,16,725497.25,4162602.75
45,17,725493.75,4162601.25
45,18,725490.25,4162599.25
45,19,725487.25,4162597.25
45,20,725484.75,4162594.75
45,21,725481.25,4162593.25
45,22,725478.25,4162591.25
45,23,725475.25,4162589.25
45,24,725472.25,4162587.25
45,25,725469.25,4162585.25
45,26,725465.75,4162583.75
45,27,725462.75,4162581.25
45,28,725459.75,4162580.25
45,29,725457.25,4162577.75
45,30,725454.25,4162575.75
45,31,725450.75,4162573.75
45,32,725447.75,4162571.75
45,33,725444.75,4162569.75
45,34,725441.75,4162567.25
45,35,725438.75,4162565.25
45,36,725435.75,4162563.25
45,37,725432.25,4162561.75
45,38,725426.75,4162557.25
45,39,725423.25,4162554.75
45,40,725422.25,4162555.75
46,1,725541.25,4162629.25
46,2,725534.75,4162625.25
46,3,725533.4,4162622.75
46,4,725531.25,4162622.75
46,5,725528.25,4162620.75
46,6,725525.25,4162618.25
46,7,725522.62,4162616.52
46,8,725520.75,4162615.75
46,9,725519.25,4162614.25
46,10,725516.75,4162612.25
46,11,725515.25,4162611.25
46,12,725513.25,4162610.25
46,13,725511.75,4162609.25
46,14,725508.75,4162607.25
46,15,725507.18,4162606.16
46,16,725506.25,4162605.25
46,17,725504.81,4162604.63
46,18,725502.75,4162603.25
46,19,725501.25,4162602.25
46,20,725498.75,4162600.75
46,21,725495.25,4162598.25
46,22,725492.25,4162596.75
46,23,725488.75,4162594.75
46,24,725486.75,4162592.25
46,25,725483.25,4162590.75
46,26,725479.75,4162588.75
46,27,725476.75,4162586.75
46,28,725473.75,4162584.75
46,29,725470.25,4162583.25
46,30,725466.75,4162580.75
46,31,725464.25,4162578.75
46,32,725462.09,4162576.08
46,33,725461.25,4162577.25
46,34,725457.75,4162574.75
46,35,725455.25,4162572.75
46,36,725452.25,4162570.75
46,37,725449.25,4162568.75
46,38,725440.25,4162562.75
46,39,725437.25,4162560.25
46,40,725433.75,4162558.75
46,41,725428.25,4162554.75
46,42,725425.25,4162551.75
46,43,725421.75,4162550.75
47,1,725542.25,4162623.75
47,2,725538.75,4162623.25
47,3,725534.75,4162620.75
47,4,725531.75,4162618.75
47,5,725529.25,4162616.75
47,6,725524.75,4162614.25
47,7,725522.75,4162612.75
47,8,725521.25,4162611.75
47,9,725519.39,4162610.35
47,10,725516.75,4162608.75
47,11,725515.25,4162607.75
47,12,725513.25,4162606.25
47,13,725511.25,4162604.25
47,14,725509.29,4162603.32
47,15,725507.75,4162602.75
47,16,725506.25,4162601.75
47,17,725504.25,4162600.75
47,18,725503.25,4162599.75
47,19,725500.25,4162597.75
47,20,725499.06,4162596.13
47,21,725497.75,4162596.75
47,22,725496.75,4162595.25
47,23,725494.75,4162594.25
47,24,725491.25,4162592.25
47,25,725488.25,4162589.75
47,26,725484.75,4162588.25
47,27,725482.25,4162585.75
47,28,725478.75,4162584.25
47,29,725475.75,4162581.75
47,30,725472.75,4162580.25
47,31,725469.75,4162578.25
47,32,725468.42,4162578.18
47,33,725466.25,4162576.75
47,34,725463.25,4162574.25
47,35,725460.25,4162572.75
47,36,725457.25,4162570.25
47,37,725454.75,4162568.25
47,38,725451.25,4162566.75
47,39,725448.25,4162564.75
47,40,725445.25,4162562.25
47,41,725442.25,4162560.25
47,42,725438.75,4162558.75
47,43,725429.75,4162552.25
48,1,725546.39,4162625.62
48,2,725545.25,4162623.75
48,3,725542.75,4162621.75
48,4,725539.75,4162620.75
48,5,725537.2,4162619.36
48,6,725536.22,4162618.55
48,7,725534.78,4162617.43
48,8,725533.25,4162616.25
48,9,725530.25,4162614.75
48,10,725528.75,4162613.25
48,11,725527.25,4162612.25
48,12,725524.25,4162610.25
48,13,725522.84,4162609.35
48,14,725521.25,4162608.25
48,15,725518.25,4162606.25
48,16,725516.75,4162605.25
48,17,725515.25,4162604.25
48,18,725513.75,4162603.25
48,19,725511.75,4162602.25
48,20,725509.25,4162600.25
48,21,725506.25,4162598.25
48,22,725504.25,4162597.25
48,23,725502.25,4162595.25
48,24,725498.06,4162594.6
48,25,725498.75,4162593.25
48,26,725495.75,4162591.25
48,27,725492.75,4162589.25
48,28,725490.25,4162586.75
48,29,725486.75,4162585.25
48,30,725480.75,4162581.25
48,31,725477.25,4162579.75
48,32,725474.25,4162577.25
48,33,725468.75,4162573.25
48,34,725465.25,4162572.25
48,35,725461.75,4162569.75
48,36,725458.75,4162568.25
48,37,725452.75,4162563.75
48,38,725443.25,4162557.75
48,39,725437.25,4162553.25
48,40,725434.25,4162551.75
48,41,725431.25,4162549.25
48,42,725424.75,4162546.25
49,1,725547.25,4162620.75
49,2,725544.62,4162619.96
49,3,725539.75,4162617.25
49,4,725538.25,4162616.25
49,5,725535.75,4162613.25
49,6,725533.87,4162613.33
49,7,725532.75,4162612.25
49,8,725531.25,4162610.75
49,9,725529.25,4162610.25
49,10,725527.75,4162609.25
49,11,725524.75,4162606.75
49,12,725523.25,4162605.75
49,13,725520.75,4162603.75
49,14,725518.75,4162602.75
49,15,725515.25,4162601.25
49,16,725513.75,4162599.75
49,17,725512.75,4162598.75
49,18,725509.25,4162596.75
49,19,725507.75,4162595.75
49,20,725503.75,4162592.75
49,21,725501.25,4162590.25
49,22,725494.75,4162586.75
49,23,725491.25,4162584.75
49,24,725487.75,4162583.25
49,25,725485.25,4162581.25
49,26,725475.75,4162575.25
49,27,725472.75,4162573.75
49,28,725469.75,4162571.25
49,29,725466.75,4162569.25
49,30,725463.25,4162567.25
49,31,725460.25,4162565.25
49,32,725457.75,4162563.25
49,33,725454.25,4162561.25
49,34,725450.75,4162559.25
49,35,725444.75,4162555.25
49,36,725441.75,4162552.75
49,37,725439.25,4162550.75
49,38,725435.75,4162549.25
49,39,725433.25,4162547.25
49,40,725428.75,4162545.75
49,41,725425.66,4162543.5
50,1,725549.05,4162619.76
50,2,725543.25,4162615.75
50,3,725541.25,4162614.25
50,4,725539.81,4162613.25
50,5,725538.25,4162612.25
50,6,725535.75,4162610.25
50,7,725533.75,4162609.25
50,8,725532.25,4162607.25
50,9,725529.25,4162605.75
50,10,725526.25,4162603.75
50,11,725523.75,4162602.25
50,12,725521.82,4162600.96
50,13,725520.75,4162600.25
50,14,725518.75,4162599.25
50,15,725517.75,4162598.25
50,16,725515.25,4162597.25
50,17,725512.75,4162594.75
50,18,725509.25,4162592.75
50,19,725507.75,4162591.75
50,20,725504.45,4162591.39
50,21,725505.25,4162589.75
50,22,725502.25,4162587.75
50,23,725495.75,4162584.25
50,24,725492.75,4162582.25
50,25,725490.25,4162580.25
50,26,725486.75,4162578.75
50,27,725483.75,4162576.75
50,28,725480.75,4162575.25
50,29,725477.25,4162572.75
50,30,725471.75,4162568.75
50,31,725468.25,4162566.75
50,32,725462.75,4162562.75
50,33,725458.75,4162560.75
50,34,725455.75,4162558.75
50,35,725452.75,4162557.25
50,36,725449.75,4162554.75
50,37,725446.75,4162553.25
50,38,725440.25,4162548.75
50,39,725434.75,4162544.75
50,40,725428.25,4162541.25
51,1,725544.75,4162613.25
51,2,725543.75,4162611.25
51,3,725541.75,4162610.25
51,4,725538.75,4162608.75
51,5,725537.25,4162607.75
51,6,725535.75,4162606.75
51,7,725532.88,4162604.77
51,8,725531.42,4162603.94
51,9,725529.75,4162602.75
51,10,725526.75,4162600.75
51,11,725523.36,4162599.06
51,12,725521.75,4162597.75
51,13,725520.4,4162596.52
51,14,725518.8,4162595.57
51,15,725517.25,4162594.75
51,16,725515.7,4162593.65
51,17,725514.75,4162592.75
51,18,725513.25,4162591.75
51,19,725510.75,4162590.75
51,20,725507.25,4162587.75
51,21,725503.75,4162585.75
51,22,725500.33,4162582.3
51,23,725498.25,4162581.25
51,24,725497.19,4162582.26
51,25,725494.75,4162580.25
51,26,725491.75,4162578.25
51,27,725488.25,4162576.25
51,28,725485.75,4162574.25
51,29,725482.25,4162572.75
51,30,725479.25,4162570.25
51,31,725476.25,4162568.75
51,32,725472.75,4162566.75
51,33,725471.18,4162563.33
51,34,725470.25,4162564.75
51,35,725467.25,4162562.75
51,36,725464.25,4162560.25
51,37,725461.25,4162558.25
51,38,725457.75,4162556.25
51,39,725454.75,4162554.75
51,40,725451.75,4162552.25
51,41,725449.25,4162550.25
51,42,725445.75,4162548.75
51,43,725442.75,4162546.25
51,44,725439.75,4162544.25
51,45,725436.75,4162541.75
51,46,725431.75,4162540.75
51,47,725429.75,4162537.75
52,1,725553.5,4162613.85
52,2,725550.25,4162613.25
52,3,725546.25,4162610.25
52,4,725543.75,4162608.25
52,5,725541.75,4162607.25
52,6,725539.75,4162606.25
52,7,725537.11,4162604.31
52,8,725535.25,4162604.25
52,9,725531.75,4162601.75
52,10,725528.25,4162598.25
52,11,725526.33,4162597.18
52,12,725523.25,4162595.25
52,13,725521.75,4162594.25
52,14,725519.25,4162592.25
52,15,725517.25,4162591.25
52,16,725515.75,4162590.25
52,17,725514.25,4162589.25
52,18,725512.75,4162588.75
52,19,725510.75,4162586.75
52,20,725508.75,4162585.75
52,21,725505.75,4162583.75
52,22,725502.25,4162581.75
52,23,725499.75,4162579.75
52,24,725496.25,4162577.25
52,25,725493.25,4162576.25
52,26,725489.75,4162574.25
52,27,725486.75,4162571.25
52,28,725480.78,4162567.83
52,29,725477.75,4162565.75
52,30,725474.75,4162563.75
52,31,725471.75,4162562.25
52,32,725469.25,4162559.25
52,33,725468.25,4162559.75
52,34,725459.75,4162553.75
52,35,725453.75,4162550.25
52,36,725454.16,4162548.98
52,37,725450.25,4162548.25
52,38,725447.25,4162545.75
52,39,725444.25,4162543.75
52,40,725441.75,4162541.75
52,41,725437.75,4162540.25
52,42,725434.25,4162537.25
53,1,725546.25,4162606.75
53,2,725544.25,4162606.25
53,3,725542.39,4162603.81
53,4,725540.25,4162603.25
53,5,725535.75,4162599.75
53,6,725532.75,4162597.75
53,7,725528.86,4162596.57
53,8,725527.75,4162594.75
53,9,725525.25,4162593.25
53,10,725523.75,4162591.75
53,11,725520.75,4162589.75
53,12,725519.25,4162588.75
53,13,725517.25,4162587.75
53,14,725514.75,4162585.75
53,15,725512.75,4162584.75
53,16,725510.75,4162583.25
53,17,725509.25,4162582.75
53,18,725506.76,4162580.51
53,19,725504.75,4162579.75
53,20,725503.25,4162578.25
53,21,725502.45,4162577.46
53,22,725500.25,4162576.75
53,23,725497.38,4162574.64
53,24,725495.75,4162573.75
53,25,725493.75,4162572.25
53,26,725492.75,4162571.25
53,27,725491.25,4162570.75
53,28,725489.75,4162569.75
53,29,725487.75,4162568.75
53,30,725486.25,4162568.25
53,31,725484.75,4162566.75
53,32,725483.26,4162566.05
53,33,725481.75,4162564.75
53,34,725480.25,4162563.25
53,35,725479.47,4162562.61
53,36,725476.75,4162562.25
53,37,725475.75,4162560.75
53,38,725473.75,4162559.75
53,39,725470.25,4162557.25
53,40,725467.25,4162555.25
53,41,725464.25,4162553.75
53,42,725462.34,4162550.84
53,43,725461.25,4162551.25
53,44,725458.25,4162549.25
53,45,725458.84,4162548.11
53,46,725455.25,4162546.75
53,47,725451.75,4162545.25
53,48,725448.75,4162543.25
53,49,725446.75,4162541.25
53,50,725442.75,4162539.25
53,51,725439.75,4162537.25
53,52,725436.25,4162533.75
54,1,725555.25,4162609.25
54,2,725549.25,4162605.75
54,3,725546.25,4162603.75
54,4,725544.25,4162602.75
54,5,725542.51,4162601.54
54,6,725540.25,4162599.75
54,7,725538.75,4162598.25
54,8,725535.75,4162596.75
54,9,725532.75,4162594.75
54,10,725530.5,4162593.36
54,11,725528.25,4162591.25
54,12,725526.75,4162589.75
54,13,725523.75,4162588.25
54,14,725522.25,4162586.75
54,15,725518.75,4162585.25
54,16,725515.75,4162583.25
54,17,725512.75,4162580.75
54,18,725511.25,4162580.25
54,19,725509.75,4162578.75
54,20,725506.75,4162577.25
54,21,725505.25,4162576.25
54,22,725503.25,4162575.25
54,23,725501.75,4162574.25
54,24,725498.25,4162572.75
54,25,725497.39,4162570.62
54,26,725494.75,4162568.75
54,27,725492.25,4162567.75
54,28,725491.25,4162567.25
54,29,725489.75,4162566.25
54,30,725486.46,4162564.22
54,31,725484.75,4162563.25
54,32,725483.25,4162562.25
54,33,725480.25,4162560.25
54,34,725478.28,4162560.57
54,35,725478.75,4162558.75
54,36,725474.75,4162556.75
54,37,725472.25,4162554.75
54,38,725469.25,4162552.75
54,39,725465.75,4162551.25
54,40,725463.25,4162548.75
54,41,725459.88,4162546.82
54,42,725456.75,4162544.75
54,43,725453.75,4162543.25
54,44,725450.25,4162540.75
54,45,725447.75,4162538.75
54,46,725444.25,4162536.75
54,47,725441.75,4162534.25
54,48,725440.8,4162535.42
54,49,725437.25,4162531.75
55,1,725551.25,4162603.25
55,2,725548.25,4162601.25
55,3,725543.25,4162597.75
55,4,725540.75,4162595.75
55,5,725538.75,4162594.75
55,6,725536.13,4162593.06
55,7,725534.25,4162591.75
55,8,725532.75,4162590.75
55,9,725531.25,4162589.75
55,10,725529.75,4162588.75
55,11,725528.25,4162587.75
55,12,725526.75,4162586.75
55,13,725525.25,4162585.75
55,14,725523.83,4162584.86
55,15,725522.25,4162583.75
55,16,725520.75,4162582.25
55,17,725517.75,4162580.25
55,18,725515.75,4162579.25
55,19,725513.25,4162577.75
55,20,725511.25,4162576.75
55,21,725508.75,4162574.75
55,22,725507.25,4162575.75
55,23,725506.75,4162573.75
55,24,725505.25,4162572.75
55,25,725503.75,4162571.75
55,26,725502.37,4162570.72
55,27,725499.75,4162568.75
55,28,725497.25,4162567.25
55,29,725495.4,4162567.29
55,30,725493.14,4162564.8
55,31,725491.89,4162562.94
55,32,725491.25,4162563.75
55,33,725489.75,4162562.75
55,34,725487.25,4162560.25
55,35,725485.51,4162559.71
55,36,725483.75,4162558.75
55,37,725482.25,4162557.75
55,38,725480.25,4162556.25
55,39,725476.75,4162553.75
55,40,725474.4,4162551.3
55,41,725470.75,4162549.75
55,42,725467.75,4162548.25
55,43,725464.25,4162546.25
55,44,725461.25,4162544.25
55,45,725458.25,4162542.75
55,46,725455.25,4162540.25
55,47,725452.25,4162538.25
55,48,725449.75,4162536.25
55,49,725446.25,4162534.25
55,50,725442.75,4162532.25
56,1,725562.75,4162604.25
56,2,725559.25,4162603.75
56,3,725555.75,4162602.25
56,4,725553.25,4162600.25
56,5,725551.75,4162598.75
56,6,725549.75,4162598.25
56,7,725547.25,4162596.25
56,8,725545.25,4162595.25
56,9,725543.75,4162594.25
56,10,725542.25,4162593.25
56,11,725540.25,4162592.25
56,12,725539.25,4162590.75
56,13,725537.85,4162588.62
56,14,725536.2,4162589.67
56,15,725534.75,4162587.75
56,16,725533.4,4162587.08
56,17,725532.25,4162586.25
56,18,725530.25,4162585.25
56,19,725528.75,4162584.25
56,20,725525.25,4162581.75
56,21,725522.25,4162580.25
56,22,725520.75,4162578.75
56,23,725517.75,4162577.25
56,24,725515.75,4162576.25
56,25,725512.75,4162574.25
56,26,725509.75,4162571.75
56,27,725508.35,4162570.97
56,28,725507.25,4162569.75
56,29,725505.25,4162569.25
56,30,725503.25,4162568.25
56,31,725502.25,4162566.75
56,32,725500.75,4162565.75
56,33,725498.75,4162565.25
56,34,725497.57,4162564.09
56,35,725496.25,4162562.75
56,36,725494.75,4162562.25
56,37,725493.25,4162561.25
56,38,725491.25,4162560.25
56,39,725489.75,4162559.25
56,40,725488.34,4162558.34
56,41,725486.75,4162557.25
56,42,725484.75,4162556.25
56,43,725483.75,4162555.75
56,44,725481.98,4162553.96
56,45,725480.25,4162553.25
56,46,725478.25,4162551.75
56,47,725475.25,4162549.75
56,48,725471.75,4162547.75
56,49,725468.75,4162546.25
56,50,725466.25,4162544.25
56,51,725463.25,4162541.75
56,52,725459.67,4162541.16
56,53,725460.25,4162539.75
56,54,725457.25,4162537.75
56,55,725454.25,4162535.75
56,56,725450.75,4162533.25
56,57,725447.75,4162531.75
56,58,725444.75,4162529.25
56,59,725441.25,4162526.75
56,60,725437.75,4162526.25
57,1,725555.25,4162597.75
57,2,725551.25,4162595.75
57,3,725547.25,4162592.25
57,4,725545.25,4162591.75
57,5,725542.75,4162589.25
57,6,725539.25,4162587.75
57,7,725537.25,4162586.25
57,8,725534.75,4162584.75
57,9,725533.25,4162583.25
57,10,725530.75,4162581.75
57,11,725527.25,4162579.75
57,12,725525.37,4162578.94
57,13,725523.75,4162577.75
57,14,725521.25,4162575.25
57,15,725519.75,4162574.25
57,16,725517.75,4162573.75
57,17,725515.75,4162572.25
57,18,725513.25,4162570.25
57,19,725509.75,4162568.25
57,20,725507.25,4162566.75
57,21,725504.25,4162564.25
57,22,725500.75,4162562.25
57,23,725499.27,4162561.87
57,24,725497.75,4162560.75
57,25,725496.25,4162559.75
57,26,725494.57,4162558.35
57,27,725491.25,4162556.75
57,28,725489.96,4162555.69
57,29,725488.75,4162554.75
57,30,725486.75,4162553.75
57,31,725484.75,4162552.25
57,32,725483.75,4162551.75
57,33,725482.75,4162551.25
57,34,725481.75,4162550.75
57,35,725479.75,4162549.25
57,36,725477.25,4162547.25
57,37,725474.25,4162545.25
57,38,725470.75,4162543.25
57,39,725468.25,4162541.25
57,40,725465.25,4162539.25
57,41,725461.75,4162536.75
57,42,725458.75,4162535.25
57,43,725455.75,4162532.75
57,44,725452.75,4162530.75
57,45,725449.75,4162529.25
57,46,725446.75,4162527.25
58,1,725563.95,4162599.97
58,2,725561.25,4162599.25
58,3,725556.25,4162595.25
58,4,725554.75,4162593.75
58,5,725552.25,4162593.25
58,6,725549.75,4162591.25
58,7,725546.75,4162589.25
58,8,725545.25,4162588.25
58,9,725543.75,4162586.75
58,10,725541.27,4162587.08
58,11,725540.75,4162585.25
58,12,725538.75,4162584.25
58,13,725537.75,4162582.25
58,14,725535.75,4162582.25
58,15,725533.25,4162579.75
58,16,725531.75,4162578.75
58,17,725530.25,4162577.75
58,18,725528.75,4162576.75
58,19,725527.25,4162575.75
58,20,725525.47,4162575.21
58,21,725522.25,4162572.75
58,22,725519.75,4162570.75
58,23,725518.25,4162570.25
58,24,725517.25,4162569.25
58,25,725515.18,4162567.96
58,26,725513.75,4162566.75
58,27,725510.63,4162565.22
58,28,725509.25,4162563.75
58,29,725507.25,4162563.25
58,30,725505.31,4162561.93
58,31,725503.75,4162560.75
58,32,725500.75,4162559.25
58,33,725497.75,4162557.25
58,34,725496.25,4162556.25
58,35,725492.25,4162553.25
58,36,725490.75,4162552.25
58,37,725488.75,4162551.25
58,38,725487.25,4162550.75
58,39,725484.25,4162548.25
58,40,725481.75,4162546.75
58,41,725475.75,4162542.75
58,42,725472.25,4162540.75
58,43,725466.75,4162536.75
58,44,725463.25,4162534.75
58,45,725457.25,4162530.75
58,46,725454.25,4162528.25
58,47,725451.25,4162526.25
58,48,725448.25,4162524.25
58,49,725444.25,4162520.75
59,1,725563.75,4162595.75
59,2,725558.25,4162592.75
59,3,725558.15,4162590.88
59,4,725556.41,4162591.16
59,5,725554.75,4162590.25
59,6,725551.25,4162588.75
59,7,725548.75,4162586.75
59,8,725546.61,4162585.32
59,9,725545.25,4162584.25
59,10,725541.25,4162581.25
59,11,725539.25,4162580.75
59,12,725537.75,4162579.75
59,13,725536.25,4162578.75
59,14,725535.25,4162577.75
59,15,725531.75,4162575.25
59,16,725530.25,4162574.25
59,17,725528.76,4162573.3
59,18,725525.75,4162571.25
59,19,725522.75,4162569.25
59,20,725516.59,4162565.42
59,21,725513.75,4162563.75
59,22,725512.4,4162562.53
59,23,725510.75,4162561.75
59,24,725508.75,4162560.75
59,25,725507.25,4162559.75
59,26,725505.75,4162558.75
59,27,725504.25,4162557.75
59,28,725502.36,4162556.81
59,29,725499.75,4162554.75
59,30,725498.25,4162553.75
59,31,725494.75,4162552.25
59,32,725492.25,4162549.75
59,33,725490.83,4162548.92
59,34,725487.25,4162547.25
59,35,725485.47,4162544.77
59,36,725483.25,4162544.25
59,37,725480.25,4162542.75
59,38,725477.75,4162540.25
59,39,725474.75,4162538.25
59,40,725471.25,4162536.25
59,41,725468.25,4162534.25
59,42,725465.25,4162532.25
59,43,725461.75,4162530.25
59,44,725458.75,4162528.25
59,45,725455.75,4162526.25
59,46,725453.26,4162526.02
59,47,725452.75,4162524.25
59,48,725449.75,4162521.75
59,49,725444.88,4162517.87
60,1,725568.25,4162595.75
60,2,725564.26,4162593.92
60,3,725560.25,4162589.75
60,4,725554.75,4162587.25
60,5,725551.75,4162584.75
60,6,725550.25,4162583.75
60,7,725548.88,4162582.9
60,8,725547.25,4162581.75
60,9,725546.25,4162580.75
60,10,725544.25,4162579.75
60,11,725542.25,4162578.75
60,12,725541.2,4162578.47
60,13,725540.25,4162577.75
60,14,725539.85,4162576.25
60,15,725538.25,4162575.75
60,16,725535.75,4162573.25
60,17,725533.75,4162572.75
60,18,725531.75,4162571.75
60,19,725529.25,4162569.75
60,20,725527.75,4162568.75
60,21,725526.25,4162567.75
60,22,725524.25,4162566.75
60,23,725523.22,4162565.98
60,24,725519.75,4162564.25
60,25,725515.25,4162561.25
60,26,725513.75,4162559.75
60,27,725512.75,4162559.25
60,28,725510.75,4162557.75
60,29,725509.07,4162556.47
60,30,725507.74,4162555.97
60,31,725506.25,4162555.25
60,32,725504.25,4162554.25
60,33,725503.25,4162553.25
60,34,725501.04,4162551.98
60,35,725500.2,4162550.98
60,36,725498.75,4162549.75
60,37,725496.75,4162549.25
60,38,725494.75,4162547.75
60,39,725492.25,4162546.25
60,40,725490.75,4162545.25
60,41,725489.75,4162543.75
60,42,725485.75,4162541.75
60,43,725484.61,4162539.03
60,44,725482.25,4162539.75
60,45,725479.25,4162537.75
60,46,725475.75,4162535.25
60,47,725473.25,4162533.25
60,48,725470.75,4162531.25
60,49,725467.25,4162529.25
60,50,725463.25,4162527.25
60,51,725460.75,4162525.25
60,52,725457.75,4162523.25
60,53,725455.25,4162521.25
60,54,725451.75,4162519.25
60,55,725448.75,4162516.75
61,1,725566.75,4162590.75
61,2,725564.55,4162590.77
61,3,725564.25,4162589.25
61,4,725561.25,4162587.75
61,5,725559.77,4162584.68
61,6,725558.25,4162585.25
61,7,725557.02,4162583.37
61,8,725555.25,4162583.25
61,9,725553.25,4162582.25
61,10,725551.96,4162581.66
61,11,725550.25,4162579.75
61,12,725547.75,4162578.25
61,13,725546.25,4162577.75
61,14,725544.25,4162576.75
61,15,725542.75,4162575.25
61,16,725541.25,4162574.25
61,17,725539.25,4162573.75
61,18,725537.17,4162571.71
61,19,725535.25,4162570.25
61,20,725531.75,4162568.75
61,21,725528.75,4162566.75
61,22,725526.25,4162564.25
61,23,725523.44,4162562.37
61,24,725521.75,4162561.75
61,25,725520.03,4162560.6
61,26,725518.25,4162559.25
61,27,725515.75,4162557.75
61,28,725514.25,4162556.75
61,29,725512.88,4162555.52
61,30,725511.75,4162555.25
61,31,725504.25,4162551.25
61,32,725504.49,4162549.96
61,33,725502.25,4162549.75
61,34,725500.5,4162548.07
61,35,725498.25,4162547.25
61,36,725496.75,4162545.75
61,37,725495.25,4162544.75
61,38,725492.25,4162542.75
61,39,725490.51,4162541.37
61,40,725489.25,4162540.25
61,41,725487.25,4162537.25
61,42,725484.9,4162536.91
61,43,725483.75,4162537.25
61,44,725480.75,4162535.25
61,45,725477.75,4162533.75
61,46,725474.75,4162530.75
61,47,725471.75,4162528.75
61,48,725470.47,4162528.93
61,49,725468.25,4162526.75
61,50,725465.25,4162525.25
61,51,725462.75,4162522.75
61,52,725459.25,4162520.75
61,53,725456.25,4162518.75
61,54,725453.25,4162516.75
61,55,725448.04,4162514.79
61,56,725447.25,4162513.25
62,1,725571.66,4162589.78
62,2,725571.04,4162588.09
62,3,725568.75,4162587.75
62,4,725564.71,4162585.55
62,5,725563.25,4162585.25
62,6,725564.2,4162583.58
62,7,725561.75,4162583.75
62,8,725557.25,4162580.75
62,9,725555.68,4162578.94
62,10,725553.75,4162578.75
62,11,725552.25,4162577.75
62,12,725551.25,4162576.25
62,13,725549.96,4162577.07
62,14,725547.75,4162574.75
62,15,725542.75,4162571.75
62,16,725540.75,4162570.25
62,17,725538.75,4162569.25
62,18,725537.25,4162567.75
62,19,725536.16,4162566.91
62,20,725534.25,4162565.75
62,21,725532.25,4162564.75
62,22,725530.75,4162564.25
62,23,725527.75,4162561.75
62,24,725526.25,4162561.25
62,25,725524.75,4162559.75
62,26,725522.75,4162558.75
62,27,725518.75,4162556.25
62,28,725516.75,4162555.25
62,29,725514.25,4162553.25
62,30,725512.25,4162552.25
62,31,725510.75,4162551.25
62,32,725507.23,4162546.83
62,33,725506.25,4162548.25
62,34,725504.25,4162547.25
62,35,725503.46,4162546.62
62,36,725502.25,4162545.25
62,37,725499.75,4162544.25
62,38,725498.25,4162543.25
62,39,725493.75,4162540.25
62,40,725492.25,4162539.25
62,41,725491.25,4162538.25
62,42,725488.75,4162537.25
62,43,725489.49,4162536.03
62,44,725488.25,4162535.25
62,45,725485.25,4162534.75
62,46,725479.25,4162530.75
62,47,725476.25,4162528.75
62,48,725470.25,4162524.25
62,49,725463.75,4162520.75
62,50,725460.75,4162518.25
62,51,725458.75,4162516.25
62,52,725454.75,4162514.25
62,53,725451.25,4162513.25
63,1,725568.82,4162584.58
63,2,725564.75,4162582.25
63,3,725561.75,4162580.75
63,4,725560.25,4162579.25
63,5,725560.36,4162578.23
63,6,725558.25,4162578.75
63,7,725557.25,4162577.25
63,8,725555.75,4162576.25
63,9,725552.75,4162574.25
63,10,725550.75,4162573.25
63,11,725549.75,4162572.25
63,12,725547.75,4162571.25
63,13,725546.75,4162570.25
63,14,725544.75,4162569.25
63,15,725542.89,4162568.31
63,16,725539.75,4162566.25
63,17,725537.76,4162564.33
63,18,725535.25,4162563.75
63,19,725532.25,4162561.25
63,20,725528.25,4162558.25
63,21,725526.25,4162557.25
63,22,725524.25,4162556.25
63,23,725523.75,4162555.25
63,24,725521.75,4162554.25
63,25,725520.09,4162553.73
63,26,725518.75,4162552.25
63,27,725517.86,4162553.28
63,28,725517.25,4162551.25
63,29,725514.25,4162549.25
63,30,725512.75,4162548.25
63,31,725511.12,4162547.26
63,32,725508.25,4162545.25
63,33,725506.29,4162544.49
63,34,725505.25,4162543.25
63,35,725501.75,4162540.75
63,36,725499.25,4162539.25
63,37,725497.7,4162538.25
63,38,725495.75,4162537.25
63,39,725493.25,4162535.25
63,40,725490.75,4162533.75
63,41,725487.25,4162531.75
63,42,725484.25,4162530.25
63,43,725481.25,4162527.25
63,44,725478.25,4162526.25
63,45,725475.25,4162523.75
63,46,725471.75,4162521.75
63,47,725465.75,4162518.25
63,48,725462.85,4162514.52
63,49,725461.75,4162515.75
63,50,725459.25,4162513.75
63,51,725456.75,4162511.75
63,52,725450.75,4162509.25
64,1,725569.12,4162582.46
64,2,725566.58,4162580.01
64,3,725564.8,4162580.28
64,4,725563.75,4162577.75
64,5,725561.75,4162576.75
64,6,725558.75,4162575.25
64,7,725557.25,4162573.75
64,8,725555.55,4162573.06
64,9,725552.7,4162571.06
64,10,725551.41,4162571.85
64,11,725551.25,4162570.25
64,12,725549.75,4162569.25
64,13,725548.75,4162567.25
64,14,725545.25,4162565.75
64,15,725543.05,4162565.06
64,16,725541.75,4162564.25
64,17,725540.25,4162562.75
64,18,725537.31,4162560.54
64,19,725535.75,4162559.75
64,20,725534.25,4162558.75
64,21,725531.25,4162556.75
64,22,725528.25,4162555.25
64,23,725525.25,4162552.75
64,24,725523.75,4162551.75
64,25,725521.75,4162550.75
64,26,725517.25,4162547.75
64,27,725516.06,4162546.58
64,28,725514.25,4162545.25
64,29,725511.75,4162544.25
64,30,725510.25,4162542.75
64,31,725508.38,4162541.23
64,32,725506.75,4162540.75
64,33,725504.75,4162539.75
64,34,725503.75,4162538.25
64,35,725501.75,4162537.25
64,36,725497.75,4162533.75
64,37,725494.25,4162532.75
64,38,725492.75,4162530.25
64,39,725488.75,4162529.25
64,40,725485.75,4162527.75
64,41,725483.25,4162525.25
64,42,725479.75,4162523.25
64,43,725476.75,4162521.25
64,44,725473.75,4162519.25
64,45,725467.75,4162515.75
64,46,725464.75,4162513.25
64,47,725461.25,4162511.25
64,48,725458.25,4162508.75
64,49,725455.75,4162506.75
65,1,725573.82,4162579.46
65,2,725568.25,4162577.25
65,3,725566.86,4162575.29
65,4,725563.41,4162573.63
65,5,725560.75,4162572.25
65,6,725559.25,4162571.25
65,7,725557.25,4162570.25
65,8,725555.75,4162569.75
65,9,725554.25,4162568.25
65,10,725553.25,4162567.75
65,11,725551.77,4162566.31
65,12,725549.75,4162565.25
65,13,725548.25,4162564.75
65,14,725545.25,4162562.25
65,15,725543.75,4162561.25
65,16,725541.75,4162560.25
65,17,725539.25,4162558.25
65,18,725537.25,4162557.25
65,19,725535.7,4162556.25
65,20,725534.25,4162555.25
65,21,725532.99,4162554.49
65,22,725531.25,4162553.25
65,23,725528.75,4162551.25
65,24,725527.8,4162549.28
65,25,725526.75,4162550.25
65,26,725524.77,4162549.94
65,27,725525.25,4162548.75
65,28,725524.25,4162547.75
65,29,725522.25,4162547.25
65,30,725519.25,4162545.25
65,31,725515.75,4162543.25
65,32,725514.25,4162542.25
65,33,725511.75,4162540.25
65,34,725509.75,4162539.25
65,35,725505.25,4162536.25
65,36,725504.25,4162534.75
65,37,725502.75,4162534.25
65,38,725500.75,4162533.25
65,39,725499.75,4162532.25
65,40,725497.25,4162531.25
65,41,725496.25,4162529.75
65,42,725493.75,4162528.75
65,43,725490.75,4162526.25
65,44,725489.63,4162527.4
65,45,725487.25,4162524.75
65,46,725484.25,4162522.75
65,47,725481.25,4162521.25
65,48,725478.25,4162519.25
65,49,725474.75,4162516.75
65,50,725469.25,4162512.75
65,51,725466.25,4162510.75
65,52,725463.25,4162508.75
65,53,725459.75,4162506.75
